<project name="Automation" default="run-sql" basedir=".">
	<property name="build.dir" value="${basedir}/build"/>
	<property name="lib.dir" value="${basedir}/lib"/>
	<property name="src.dir" value="${basedir}/test"/>

<taskdef resource="net/sf/antcontrib/antlib.xml">
	    <classpath>
	        <pathelement location="${lib.dir}/ant-contrib-1.0b3.jar" />
	    </classpath>
	</taskdef>

<target name="run-sql">
		<exec dir="${basedir}/resources/dbSchemaData" executable="cmd" resultproperty="App.state" timeout="900000">
					<arg value="/c"/>
					<arg line="consoleSchemaDataMSSQL"/>
				</exec>
				<var name="state" value="${App.state}"/>
				<echo message="DBcmd state was: ${state}" />
		<for begin="0" end="10" param="val">
					        <sequential>
					        	<if>
					        		<equals arg1="${state}" arg2="1" />
					        		<then>
					        			<exec dir="${basedir}/resources/dbSchemaData" executable="cmd" resultproperty="App.state@{val}" timeout="900000">
					        					<arg value="/c"/>
					        				    <arg line="consoleSchemaDataMSSQL"/>
					        			</exec>
					        			<var name="state" value="${App.state@{val}}"/>
					        			<echo message="DBcmd state was: ${state}" />
					        		</then>
					           </if>
					       </sequential>
		</for>
		<sleep seconds="10"/>
	</target>
	
</project>	