<?xml version="1.0" encoding="UTF-8"?>
<!DOCTYPE suite SYSTEM "http://testng.org/testng-1.0.dtd" >
<suite name="Management console test suite execution in firefox browser">

	<test name="Login page tests">
		<classes>
			<class name="com.kony.sync.console.webdriver.login.LoginTest"></class>
		</classes>
	</test>
	<test name="Applications page tests">
		<classes>
			<class
				name="com.kony.sync.console.webdriver.applications.ApplicationsTest"></class>
		</classes>
	</test>
	<test name="Users page tests">
		<classes>
			<class name="com.kony.sync.console.webdriver.users.UsersTest"></class>
		</classes>
	</test>
	<test name="Groups page tests">
		<classes>
			<class name="com.kony.sync.console.webdriver.groups.GroupsTest"></class>
		</classes>
	</test>
	<test name="Authentication page tests">
		<classes>
			<class
				name="com.kony.sync.console.webdriver.authentication.AuthenticationTest"></class>
		</classes>
	</test>
	<test name="Application publish and schema creation tests">
		<classes>
			<class
				name="com.kony.sync.console.webdriver.applicationPublish.ApplicationPublishTest"></class>
		</classes>
	</test>
	<test name="View Application History tests">
		<classes>
			<class
				name="com.kony.sync.console.webdriver.applicationPublish.ViewApplicationHistoryTest"></class>
		</classes>
	</test>
	<test name="Roles tests">
		<classes>
			<class name="com.kony.sync.console.webdriver.roles.RolesTest"></class>
		</classes>
	</test>
	<test name="Devices tests">
		<classes>
			<class name="com.kony.sync.console.webdriver.devices.DevicesTest"></class>
		</classes>
	</test>
	<test name="Synchronization tests">
		<classes>
			<class
				name="com.kony.sync.console.webdriver.monitoring.SynchronizationTest">
			</class>
		</classes>
	</test>
	<test name="MergeService tests">
		<classes>
			<class name="com.kony.sync.console.webdriver.monitoring.MergeServiceTest">
			</class>
		</classes>
	</test>
	<test name="syncperformance pages tests">
		<classes>
			<class
				name="com.kony.sync.console.webdriver.monitoring.SyncPerformanceTest"></class>
		</classes>
	</test>
	<test name="replicaservice pages tests">
		<classes>
			<class
				name="com.kony.sync.console.webdriver.monitoring.ReplicaServiceTest"></class>
		</classes>
	</test>
	<test name="uploadqueue pages tests">
		<classes>
			<class name="com.kony.sync.console.webdriver.monitoring.UploadQueueTest"></class>
		</classes>
	</test>
	<test name="conflicts pages tests">
		<classes>
			<class name="com.kony.sync.console.webdriver.monitoring.ConflictsTest"></class>
		</classes>
	</test>
	<test name="change replay pages tests">
		<classes>
			<class name="com.kony.sync.console.webdriver.monitoring.ChangeReplayTest"></class>
		</classes>
	</test>
	<test name="sync errors pages tests">
		<classes>
			<class name="com.kony.sync.console.webdriver.monitoring.SyncErrorsTest"></class>
		</classes>
	</test>
	<test name="security audit pages tests">
		<classes>
			<class name="com.kony.sync.console.webdriver.monitoring.SecurityAuditTest"></class>
		</classes>
	</test>
	<test name="configuration pages tests">
		<classes>
			<class
				name="com.kony.sync.console.webdriver.configuration.ConfigurationTest"></class>
		</classes>
	</test>
	<test name="Data source log tests in Trace Log page">
		<parameter name="pageName" value="tracelogs"></parameter>
		<classes>
			<class name="com.kony.sync.console.webdriver.DataSourceLogTest"></class>
		</classes>
	</test>
	<test name="logs pages tests">
		<classes>
			<class name="com.kony.sync.console.webdriver.logs.LogsTest"></class>
		</classes>
	</test>
	<test name="Scheduled jobs pages tests">
		<classes>
			<class
				name="com.kony.sync.console.webdriver.scheduledJobs.ScheduledJobsTest"></class>
		</classes>
	</test>
	<test name="Jobs history pages tests">
		<classes>
			<class name="com.kony.sync.console.webdriver.scheduledJobs.JobHistoryTest"></class>
		</classes>
	</test>
	<test name="Data source log tests in Job History page">
		<parameter name="pageName" value="jobhistory"></parameter>
		<classes>
			<class name="com.kony.sync.console.webdriver.DataSourceLogTest">
			</class>
		</classes>
	</test>

</suite>