<?xml version="1.0" encoding="UTF-8"?>
<SyncConfiguration AppID="ConfChange" Version="e0f10ca488804af8ea88f92a34a788b7c186bf0c35b87b3d743f8916d06f5923" UpdatedDateTime="6/3/2014 5:0:15" PersistentDBType="None" Namespace="com.kony" Name="ConfChange">
    <SyncInterceptors/>
    <SyncScopes>
        <SyncScope Strategy="OTASync" Namespace="OTA" Name="OTA" Datasource="Oracle">
            <ChangeTrackingPolicy>
                <Type>datasource</Type>
                <ChangeTrackingColumnsSupported>
                    <LastUpdateTimeStamp>true</LastUpdateTimeStamp>
                    <SoftDeleteFlag>true</SoftDeleteFlag>
                </ChangeTrackingColumnsSupported>
            </ChangeTrackingPolicy>
            <ConflictPolicy>
                <Type>serverwins</Type>
            </ConflictPolicy>
            <Operations/>
         <!--   <SyncObject SourceSchema="KONYSYNCSAMPLE" SourceName="CATEGORIES" IntersectionTable="false" GlobalName="CATEGORIES" Generated="false">
                <SyncAttributes>
                    <Key>
                        <Attribute GlobalName="CATEGORYID"/>
                    </Key>
                    <SyncAttribute Type="big_decimal" SourceName="CATEGORYID" Length="0" IsNullable="false" GlobalName="CATEGORYID" Autogenerated="true"/>
                    <SyncAttribute Type="string" SourceName="CATEGORYNAME" Length="15" IsNullable="false" GlobalName="CATEGORYNAME" Autogenerated="false"/>
                    <SyncAttribute Type="timestamp" SourceName="LASTUPDATETIME" Length="11" IsNullable="true" GlobalName="LASTUPDATETIME" Autogenerated="false"/>
                    <SyncAttribute Type="big_decimal" SourceName="SOFTDELETEFLAG" Length="1" IsNullable="true" GlobalName="SOFTDELETEFLAG" Autogenerated="false"/>
                </SyncAttributes>
                <Relationships>
                    <OneToMany TargetObjectAttribute="CATEGORYID" TargetObject="PRODUCTS" SourceObjectAttribute="CATEGORYID" Cascade="true"/>
                </Relationships>
                <FilterParameters>
                    <ClientFilterParameters/>
                    <ServerFilterParameters/>
                </FilterParameters>
                <UpdateTimeStampAttribute GlobalName="LASTUPDATETIME"/>
                <SoftDeleteFlagAttribute InactiveValue="1" GlobalName="SOFTDELETEFLAG" ActiveValue="0"/>
                <Operations/>
            </SyncObject> -->
            <SyncObject SourceSchema="KONYSYNCSAMPLE" SourceName="PRODUCTS" IntersectionTable="false" GlobalName="PRODUCTS" Generated="false">
                <SyncAttributes>
                    <Key>
                        <Attribute GlobalName="PRODUCTID"/>
                    </Key>
                    <SyncAttribute Type="big_decimal" SourceName="PRODUCTID" Length="0" IsNullable="false" GlobalName="PRODUCTID" Autogenerated="true"/>
                    <SyncAttribute Type="string" SourceName="PRODUCTNAME" Length="40" IsNullable="false" GlobalName="PRODUCTNAME" Autogenerated="false"/>
                    <SyncAttribute Type="big_decimal" SourceName="SUPPLIERID" Length="0" IsNullable="true" GlobalName="SUPPLIERID" Autogenerated="false"/>
                    <SyncAttribute Type="big_decimal" SourceName="CATEGORYID" Length="0" IsNullable="true" GlobalName="CATEGORYID" Autogenerated="false"/>
                    <SyncAttribute Type="string" SourceName="QUANTITYPERUNIT" Length="20" IsNullable="true" GlobalName="QUANTITYPERUNIT" Autogenerated="false"/>
                    <SyncAttribute Type="big_decimal" SourceName="UNITSONORDER" Length="0" IsNullable="true" GlobalName="UNITSONORDER" Autogenerated="false"/>
                    <SyncAttribute Type="big_decimal" SourceName="REORDERLEVEL" Length="0" IsNullable="true" GlobalName="REORDERLEVEL" Autogenerated="false"/>
                    <SyncAttribute Type="big_decimal" SourceName="DISCONTINUED" Length="1" IsNullable="false" GlobalName="DISCONTINUED" Autogenerated="false"/>
                    <SyncAttribute Type="timestamp" SourceName="LASTUPDATETIME" Length="11" IsNullable="true" GlobalName="LASTUPDATETIME" Autogenerated="false"/>
                    <SyncAttribute Type="big_decimal" SourceName="SOFTDELETEFLAG" Length="1" IsNullable="true" GlobalName="SOFTDELETEFLAG" Autogenerated="false"/>
                </SyncAttributes>
                <Relationships/>
                <FilterParameters>
                    <ClientFilterParameters/>
                    <ServerFilterParameters/>
                </FilterParameters>
                <UpdateTimeStampAttribute GlobalName="LASTUPDATETIME"/>
                <SoftDeleteFlagAttribute InactiveValue="1" GlobalName="SOFTDELETEFLAG" ActiveValue="0"/>
                <Operations/>
            </SyncObject>
        </SyncScope>
    </SyncScopes>
    <DataSources>
        <DataSource Type="database" ID="Oracle" Class="com.kony.sync.services.datasource.jdbc.JDBCDatasource2">
            <Database UserName="system" Type="ORACLE" Password="kony123" Name="Oracle" JndiORJdbcURL="jdbc:oracle:thin:@10.10.5.158:1521:xe" IsJNDIDataSource="false" DriverName="oracle.jdbc.OracleDriver">
                <ConnectionProps/>
            </Database>
        </DataSource>
    </DataSources>
</SyncConfiguration>
