<?xml version="1.0" encoding="UTF-8" standalone="yes"?>
<SyncConfiguration AppID="TestCustom" Name="KonySyncSample" Namespace="com.kony" PersistentDBType="MYSQL" UpdatedDateTime="17/4/2014 11:0:12" Version="b55e33d965c45fc927255ec0775bb050a8fc3f11907f080c15d17fcbd8597bb7">
    <SyncInterceptors/>
    <SyncScopes>
        <SyncScope Datasource="KonySyncSample" Name="ProcOTASync" Namespace="hari" Strategy="OTASync">
            <ChangeTrackingPolicy>
                <Type>datasource</Type>
                <ChangeTrackingColumnsSupported>
                    <LastUpdateTimeStamp>true</LastUpdateTimeStamp>
                    <SoftDeleteFlag>true</SoftDeleteFlag>
                </ChangeTrackingColumnsSupported>
            </ChangeTrackingPolicy>
            <ConflictPolicy>
                <Type>custom</Type>
                <ProvisioningColumnsSupported>
                    <UpdateUserID>true</UpdateUserID>
                </ProvisioningColumnsSupported>
            </ConflictPolicy>
            <Operations/>
            <SyncObject Generated="false" GlobalName="Categories" IntersectionTable="false" SourceName="categories" SourceSchema="konysyncsample">
                <SyncAttributes>
                    <Key>
                        <Attribute GlobalName="CategoryID"/>
                    </Key>
                    <SyncAttribute Autogenerated="true" GlobalName="CategoryID" IsNullable="false" SourceName="CategoryID" Type="int"/>
                    <SyncAttribute Autogenerated="false" GlobalName="CategoryName" IsNullable="false" SourceName="CategoryName" Type="string"/>
                    <SyncAttribute Autogenerated="false" GlobalName="Description" IsNullable="true" SourceName="Description" Type="string"/>
                    <SyncAttribute Autogenerated="false" GlobalName="LastUpdateTime" IsNullable="false" SourceName="LastUpdateTime" Type="timestamp"/>
                    <SyncAttribute Autogenerated="false" GlobalName="UpdateUserID" IsNullable="false" SourceName="UpdateUserID" Type="string"/>
                    <SyncAttribute Autogenerated="false" GlobalName="SoftDeleteFlag" IsNullable="false" SourceName="SoftDeleteFlag" Type="boolean"/>
                </SyncAttributes>
                <Relationships/>
                <FilterParameters>
                    <ClientFilterParameters/>
                    <ServerFilterParameters/>
                </FilterParameters>
                <UpdateTimeStampAttribute GlobalName="LastUpdateTime"/>
                <UpdateUserIDAttribute GlobalName="UpdateUserID"/>
                <SoftDeleteFlagAttribute GlobalName="SoftDeleteFlag"/>
                <Operations/>
            </SyncObject>
        </SyncScope>
    </SyncScopes>
    <DataSources>
        <DataSource Class="com.kony.sync.services.datasource.jdbc.JDBCDatasource2" ID="KonySyncSample" Type="database">
            <Database DriverName="com.mysql.jdbc.Driver" IsJNDIDataSource="false" JndiORJdbcURL="jdbc:mysql://localhost:3306/KonySyncSample?user=root&amp;password=kony123!" Name="KonySyncSampleConfig" Type="MYSQL"/>
        </DataSource>
    </DataSources>
</SyncConfiguration>
