<?xml version="1.0" encoding="UTF-8"?>
<SyncConfiguration AppID="PRVORACLE4" Version="8bebf4c5-915b-4631-9ab0-a26a3feb7b7c" PersistentDBType="ORACLE" Name="KonySyncSample" UpdatedDateTime="02/13/2012 13:48:34">
  <SyncInterceptors>
    <NotificationInterceptors/>
    <ReplicaInterceptors/>
    <MergeInterceptors/>
    <DownloadInterceptors/>
    <UploadInterceptors/>   
  </SyncInterceptors>
  <SyncScopes>
    <SyncScope Name="ProvPersistentSync" Datasource="KonySyncSample" Strategy="PersistentSync">
      <ChangeTrackingPolicy>
        <Type>datasource</Type>
        <ChangeTrackingColumnsSupported>
          <LastUpdateTimeStamp>true</LastUpdateTimeStamp>
          <SoftDeleteFlag>true</SoftDeleteFlag>
        </ChangeTrackingColumnsSupported>
      </ChangeTrackingPolicy>
      <ConflictPolicy>
        <Type>serverwins</Type>
        <ProvisioningColumnsSupported>
          <UpdateUserID>true</UpdateUserID>
        </ProvisioningColumnsSupported>
       <!-- <ConflictInterceptor ClassName=""/>-->
      </ConflictPolicy>
      <SyncObject SourceName="Categories" GlobalName="Categories">
        <SyncAttributes>
          <Key>
            <Attribute GlobalName="CategoryID"/>
          </Key>
          <SyncAttribute SourceName="CategoryID" GlobalName="CategoryID" Type="int" IsNullable="false" Autogenerated="true"/>
          <SyncAttribute SourceName="CategoryName" GlobalName="CategoryName" Type="string" IsNullable="false" Autogenerated="false"/>
          <SyncAttribute SourceName="Description" GlobalName="Description" Type="string" IsNullable="true" Autogenerated="false"/>
		  <!--<SyncAttribute SourceName="Picture" GlobalName="Picture" Type="blob" IsNullable="true" Autogenerated="false"/>
		  <SyncAttribute SourceName="status" GlobalName="DIFF_status" Type="string" IsNullable="true" Autogenerated="false"/>-->
          <SyncAttribute SourceName="LastUpdateTime" GlobalName="LastUpdateTime" Type="timestamp" IsNullable="false" Autogenerated="false"/>
          <SyncAttribute SourceName="UpdateUserID" GlobalName="UpdateUserID" Type="string" IsNullable="false" Autogenerated="false"/>
          <SyncAttribute SourceName="SoftDeleteFlag" GlobalName="SoftDeleteFlag" Type="boolean" IsNullable="false" Autogenerated="false"/>
        </SyncAttributes>
        <Relationships>
          <OneToMany TargetObject="Products" TargetObjectAttribute="CategoryID" SourceObjectAttribute="CategoryID" Cascade="false"/>
        </Relationships>
        <FilterParameters>
          <ClientFilterParameters>
		   <FilterParameter Name="CategoryID" Value1=""  Condition="GT"/>
		  
          </ClientFilterParameters>
          <ServerFilterParameters>
		     
			  <!--For Server Side Filter <FilterParameter Name="CategoryID" Value1="5" Value2="" Condition="GT"/>-->
          </ServerFilterParameters>
        </FilterParameters>
        <UpdateTimeStampAttribute GlobalName="LastUpdateTime"/>
        <UpdateUserIDAttribute GlobalName="UpdateUserID"/>
        <SoftDeleteFlagAttribute GlobalName="SoftDeleteFlag"/>
      <Operations/>
</SyncObject>
      <SyncObject SourceName="Customers" GlobalName="Customers">
        <SyncAttributes>
          <Key>
            <Attribute GlobalName="CustomerID"/>
          </Key>
          <SyncAttribute SourceName="CustomerID" GlobalName="CustomerID" Type="string" IsNullable="false" Autogenerated="false"/>
          <SyncAttribute SourceName="CompanyName" GlobalName="CompanyName" Type="string" IsNullable="false" Autogenerated="false"/>
          <SyncAttribute SourceName="ContactName" GlobalName="ContactName" Type="string" IsNullable="true" Autogenerated="false"/>
          <SyncAttribute SourceName="Phone" GlobalName="Phone" Type="string" IsNullable="true" Autogenerated="false"/>
          <SyncAttribute SourceName="LastUpdateTime" GlobalName="LastUpdateTime" Type="timestamp" IsNullable="false" Autogenerated="false"/>
          <SyncAttribute SourceName="UpdateUserID" GlobalName="UpdateUserID" Type="string" IsNullable="false" Autogenerated="false"/>
          <SyncAttribute SourceName="SoftDeleteFlag" GlobalName="SoftDeleteFlag" Type="boolean" IsNullable="false" Autogenerated="false"/>
        </SyncAttributes>
        <Relationships>
          <OneToMany TargetObject="Orders" TargetObjectAttribute="CustomerID" SourceObjectAttribute="CustomerID" Cascade="true"/>
          <OneToMany TargetObject="CustomerCustomerDemo" TargetObjectAttribute="CustomerID" SourceObjectAttribute="CustomerID" Cascade="true"/>
        </Relationships>
        <FilterParameters>
          <ClientFilterParameters>
          </ClientFilterParameters>
          <ServerFilterParameters>
          </ServerFilterParameters>
        </FilterParameters>
        <UpdateTimeStampAttribute GlobalName="LastUpdateTime"/>
        <UpdateUserIDAttribute GlobalName="UpdateUserID"/>
        <SoftDeleteFlagAttribute GlobalName="SoftDeleteFlag"/>
      <Operations/>
</SyncObject>
      <SyncObject SourceName="Shippers" GlobalName="Shippers">
        <SyncAttributes>
          <Key>
            <Attribute GlobalName="ShipperID"/>
          </Key>
          <SyncAttribute SourceName="ShipperID" GlobalName="ShipperID" Type="int" IsNullable="false" Autogenerated="true"/>
          <SyncAttribute SourceName="CompanyName" GlobalName="CompanyName" Type="string" IsNullable="false" Autogenerated="false"/>
          <SyncAttribute SourceName="Phone" GlobalName="Phone" Type="string" IsNullable="true" Autogenerated="false"/>
          <SyncAttribute SourceName="LastUpdateTime" GlobalName="LastUpdateTime" Type="timestamp" IsNullable="false" Autogenerated="false"/>
          <SyncAttribute SourceName="UpdateUserID" GlobalName="UpdateUserID" Type="string" IsNullable="false" Autogenerated="false"/>
          <SyncAttribute SourceName="SoftDeleteFlag" GlobalName="SoftDeleteFlag" Type="boolean" IsNullable="false" Autogenerated="false"/>
        </SyncAttributes>
        <Relationships>
          <OneToMany TargetObject="Orders" TargetObjectAttribute="ShipVia" SourceObjectAttribute="ShipperID" Cascade="false"/>
        </Relationships>
        <FilterParameters>
          <ClientFilterParameters>
          </ClientFilterParameters>
          <ServerFilterParameters>
          </ServerFilterParameters>
        </FilterParameters>
        <UpdateTimeStampAttribute GlobalName="LastUpdateTime"/>
        <UpdateUserIDAttribute GlobalName="UpdateUserID"/>
        <SoftDeleteFlagAttribute GlobalName="SoftDeleteFlag"/>
      <Operations/>
</SyncObject>
      <SyncObject SourceName="Suppliers" GlobalName="Suppliers">
        <SyncAttributes>
          <Key>
            <Attribute GlobalName="SupplierID"/>
          </Key>
          <SyncAttribute SourceName="SupplierID" GlobalName="SupplierID" Type="int" IsNullable="false" Autogenerated="true"/>
          <SyncAttribute SourceName="CompanyName" GlobalName="CompanyName" Type="string" IsNullable="false" Autogenerated="false"/>
          <SyncAttribute SourceName="ContactName" GlobalName="ContactName" Type="string" IsNullable="true" Autogenerated="false"/>
          <SyncAttribute SourceName="Region" GlobalName="Region" Type="string" IsNullable="true" Autogenerated="false"/>
          <SyncAttribute SourceName="Country" GlobalName="Country" Type="string" IsNullable="true" Autogenerated="false"/>
          <SyncAttribute SourceName="LastUpdateTime" GlobalName="LastUpdateTime" Type="timestamp" IsNullable="false" Autogenerated="false"/>
          <SyncAttribute SourceName="UpdateUserID" GlobalName="UpdateUserID" Type="string" IsNullable="false" Autogenerated="false"/>
          <SyncAttribute SourceName="SoftDeleteFlag" GlobalName="SoftDeleteFlag" Type="boolean" IsNullable="false" Autogenerated="false"/>
        </SyncAttributes>
        <Relationships>
          <OneToMany TargetObject="Products" TargetObjectAttribute="SupplierID" SourceObjectAttribute="SupplierID" Cascade="false"/>
        </Relationships>
        <FilterParameters>
          <ClientFilterParameters>
          </ClientFilterParameters>
          <ServerFilterParameters>
          </ServerFilterParameters>
        </FilterParameters>
        <UpdateTimeStampAttribute GlobalName="LastUpdateTime"/>
        <UpdateUserIDAttribute GlobalName="UpdateUserID"/>
        <SoftDeleteFlagAttribute GlobalName="SoftDeleteFlag"/>
      <Operations/>
</SyncObject>
      <SyncObject SourceName="Orders" GlobalName="Orders">
        <SyncAttributes>
          <Key>
            <Attribute GlobalName="OrderID"/>
          </Key>
          <SyncAttribute SourceName="OrderID" GlobalName="OrderID" Type="int" IsNullable="false" Autogenerated="true"/>
          <SyncAttribute SourceName="CustomerID" GlobalName="CustomerID" Type="string" IsNullable="true" Autogenerated="false"/>
          <SyncAttribute SourceName="EmployeeID" GlobalName="EmployeeID" Type="int" IsNullable="true" Autogenerated="false"/>
          <SyncAttribute SourceName="OrderDate" GlobalName="OrderDate" Type="date" IsNullable="true" Autogenerated="false"/>
          <SyncAttribute SourceName="RequiredDate" GlobalName="RequiredDate" Type="date" IsNullable="true" Autogenerated="false"/>
          <SyncAttribute SourceName="ShippedDate" GlobalName="ShippedDate" Type="date" IsNullable="true" Autogenerated="false"/>
          <SyncAttribute SourceName="ShipVia" GlobalName="ShipVia" Type="int" IsNullable="true" Autogenerated="false"/>
          <SyncAttribute SourceName="Freight" GlobalName="Freight" Type="float" IsNullable="true" Autogenerated="false"/>
          <SyncAttribute SourceName="ShipName" GlobalName="ShipName" Type="string" IsNullable="true" Autogenerated="false"/>
          <SyncAttribute SourceName="ShipAddress" GlobalName="ShipAddress" Type="string" IsNullable="true" Autogenerated="false"/>
          <SyncAttribute SourceName="ShipCity" GlobalName="ShipCity" Type="string" IsNullable="true" Autogenerated="false"/>
          <SyncAttribute SourceName="ShipRegion" GlobalName="ShipRegion" Type="string" IsNullable="true" Autogenerated="false"/>
          <SyncAttribute SourceName="ShipPostalCode" GlobalName="ShipPostalCode" Type="string" IsNullable="true" Autogenerated="false"/>
          <SyncAttribute SourceName="ShipCountry" GlobalName="ShipCountry" Type="string" IsNullable="true" Autogenerated="false"/>
          <SyncAttribute SourceName="LastUpdateTime" GlobalName="LastUpdateTime" Type="timestamp" IsNullable="false" Autogenerated="false"/>
          <SyncAttribute SourceName="UpdateUserID" GlobalName="UpdateUserID" Type="string" IsNullable="false" Autogenerated="false"/>
          <SyncAttribute SourceName="SoftDeleteFlag" GlobalName="SoftDeleteFlag" Type="boolean" IsNullable="false" Autogenerated="false"/>
        </SyncAttributes>
        <Relationships>
          <OneToMany TargetObject="OrderDetails" TargetObjectAttribute="OrderID" SourceObjectAttribute="OrderID" Cascade="true"/>
        </Relationships>
        <FilterParameters>
          <ClientFilterParameters>
          </ClientFilterParameters>
          <ServerFilterParameters>
          </ServerFilterParameters>
        </FilterParameters>
        <UpdateTimeStampAttribute GlobalName="LastUpdateTime"/>
        <UpdateUserIDAttribute GlobalName="UpdateUserID"/>
        <SoftDeleteFlagAttribute GlobalName="SoftDeleteFlag"/>
      <Operations/>
</SyncObject>
      <SyncObject SourceName="Products" GlobalName="Products">
        <SyncAttributes>
          <Key>
            <Attribute GlobalName="ProductID"/>
          </Key>
          <SyncAttribute SourceName="ProductID" GlobalName="ProductID" Type="int" IsNullable="false" Autogenerated="true"/>
          <SyncAttribute SourceName="ProductName" GlobalName="ProductName" Type="string" IsNullable="false" Autogenerated="false"/>
          <SyncAttribute SourceName="SupplierID" GlobalName="SupplierID" Type="int" IsNullable="true" Autogenerated="false"/>
          <SyncAttribute SourceName="CategoryID" GlobalName="CategoryID" Type="int" IsNullable="true" Autogenerated="false"/>
		  <SyncAttribute SourceName="QuantityPerUnit" GlobalName="QuantityPerUnit" Type="string" IsNullable="true" Autogenerated="false"/>
          <SyncAttribute SourceName="UnitPrice" GlobalName="UnitPrice" Type="string" IsNullable="true" Autogenerated="false"/>
          <SyncAttribute SourceName="UnitsInStock" GlobalName="UnitsInStock" Type="short" IsNullable="true" Autogenerated="false"/>
          <SyncAttribute SourceName="UnitsOnOrder" GlobalName="UnitsOnOrder" Type="short" IsNullable="true" Autogenerated="false"/>
          <SyncAttribute SourceName="LastUpdateTime" GlobalName="LastUpdateTime" Type="timestamp" IsNullable="false" Autogenerated="false"/>
          <SyncAttribute SourceName="UpdateUserID" GlobalName="UpdateUserID" Type="string" IsNullable="false" Autogenerated="false"/>
          <SyncAttribute SourceName="SoftDeleteFlag" GlobalName="SoftDeleteFlag" Type="boolean" IsNullable="false" Autogenerated="false"/>
        </SyncAttributes>
        <Relationships>
          <OneToMany TargetObject="OrderDetails" TargetObjectAttribute="ProductID" SourceObjectAttribute="ProductID" Cascade="false"/>
        </Relationships>
        <FilterParameters>
          <ClientFilterParameters>
          </ClientFilterParameters>
          <ServerFilterParameters>
          </ServerFilterParameters>
        </FilterParameters>
        <UpdateTimeStampAttribute GlobalName="LastUpdateTime"/>
        <UpdateUserIDAttribute GlobalName="UpdateUserID"/>
        <SoftDeleteFlagAttribute GlobalName="SoftDeleteFlag"/>
      <Operations/>
</SyncObject>
      <SyncObject SourceName="OrderDetails" GlobalName="OrderDetails">
        <SyncAttributes>
          <Key>
            <Attribute GlobalName="OrderID"/>
            <Attribute GlobalName="ProductID"/>
          </Key>
          <SyncAttribute SourceName="OrderID" GlobalName="OrderID" Type="int" IsNullable="false" Autogenerated="false"/>
          <SyncAttribute SourceName="ProductID" GlobalName="ProductID" Type="int" IsNullable="false" Autogenerated="false"/>
          <SyncAttribute SourceName="UnitPrice" GlobalName="UnitPrice" Type="string" IsNullable="false" Autogenerated="false"/>
          <SyncAttribute SourceName="Quantity" GlobalName="Quantity" Type="short" IsNullable="false" Autogenerated="false"/>
          <SyncAttribute SourceName="Discount" GlobalName="Discount" Type="string" IsNullable="false" Autogenerated="false"/>
          <SyncAttribute SourceName="LastUpdateTime" GlobalName="LastUpdateTime" Type="timestamp" IsNullable="false" Autogenerated="false"/>
          <SyncAttribute SourceName="UpdateUserID" GlobalName="UpdateUserID" Type="string" IsNullable="false" Autogenerated="false"/>
          <SyncAttribute SourceName="SoftDeleteFlag" GlobalName="SoftDeleteFlag" Type="boolean" IsNullable="false" Autogenerated="false"/>
        </SyncAttributes>
        <Relationships>
        </Relationships>
        <FilterParameters>
          <ClientFilterParameters>
          </ClientFilterParameters>
          <ServerFilterParameters>
          </ServerFilterParameters>
        </FilterParameters>
        <UpdateTimeStampAttribute GlobalName="LastUpdateTime"/>
        <UpdateUserIDAttribute GlobalName="UpdateUserID"/>
        <SoftDeleteFlagAttribute GlobalName="SoftDeleteFlag"/>
      <Operations/>
</SyncObject>
      <SyncObject SourceName="CustomerDemographics" GlobalName="CustomerDemographics">
        <SyncAttributes>
          <Key>
            <Attribute GlobalName="CustomerTypeID"/>
          </Key>
          <SyncAttribute SourceName="CustomerTypeID" GlobalName="CustomerTypeID" Type="string" IsNullable="false" Autogenerated="false"/>
          <SyncAttribute SourceName="CustomerDesc" GlobalName="CustomerDesc" Type="string" IsNullable="true" Autogenerated="false"/>
          <SyncAttribute SourceName="LastUpdateTime" GlobalName="LastUpdateTime" Type="timestamp" IsNullable="false" Autogenerated="false"/>
          <SyncAttribute SourceName="UpdateUserID" GlobalName="UpdateUserID" Type="string" IsNullable="false" Autogenerated="false"/>
          <SyncAttribute SourceName="SoftDeleteFlag" GlobalName="SoftDeleteFlag" Type="boolean" IsNullable="false" Autogenerated="false"/>
        </SyncAttributes>
        <Relationships>
          <OneToMany TargetObject="CustomerCustomerDemo" TargetObjectAttribute="CustomerTypeID" SourceObjectAttribute="CustomerTypeID" Cascade="true"/>
        </Relationships>
        <FilterParameters>
          <ClientFilterParameters>
          </ClientFilterParameters>
          <ServerFilterParameters>
          </ServerFilterParameters>
        </FilterParameters>
        <UpdateTimeStampAttribute GlobalName="LastUpdateTime"/>
        <UpdateUserIDAttribute GlobalName="UpdateUserID"/>
        <SoftDeleteFlagAttribute GlobalName="SoftDeleteFlag"/>
      <Operations/>
</SyncObject>
      <SyncObject SourceName="CustomerCustomerDemo" GlobalName="CustomerCustomerDemo">
        <SyncAttributes>
          <Key>
            <Attribute GlobalName="CustomerID"/>
            <Attribute GlobalName="CustomerTypeID"/>
          </Key>
          <SyncAttribute SourceName="CustomerID" GlobalName="CustomerID" Type="string" Length="30" IsNullable="false" Autogenerated="false"/>
          <SyncAttribute SourceName="CustomerTypeID" GlobalName="CustomerTypeID" Type="string" Length="30" IsNullable="false" Autogenerated="false"/>
          <SyncAttribute SourceName="LastUpdateTime" GlobalName="LastUpdateTime" Type="timestamp" IsNullable="false" Autogenerated="false"/>
          <SyncAttribute SourceName="UpdateUserID" GlobalName="UpdateUserID" Type="string" IsNullable="false" Autogenerated="false"/>
          <SyncAttribute SourceName="SoftDeleteFlag" GlobalName="SoftDeleteFlag" Type="boolean" IsNullable="false" Autogenerated="false"/>
        </SyncAttributes>
        <Relationships>
          <OneToOne TargetObject="Customers" TargetObjectAttribute="CustomerID" SourceObjectAttribute="CustomerID" Cascade="true"/>
        </Relationships>
        <FilterParameters>
          <ClientFilterParameters>
          </ClientFilterParameters>
          <ServerFilterParameters>
          </ServerFilterParameters>
        </FilterParameters>
        <UpdateTimeStampAttribute GlobalName="LastUpdateTime"/>
        <UpdateUserIDAttribute GlobalName="UpdateUserID"/>
        <SoftDeleteFlagAttribute GlobalName="SoftDeleteFlag"/>
      <Operations/>
</SyncObject>
      <SyncObject SourceName="Region" GlobalName="Region">
        <SyncAttributes>
          <Key>
            <Attribute GlobalName="RegionID"/>
          </Key>
          <SyncAttribute SourceName="RegionID" GlobalName="RegionID" Type="int" IsNullable="false" Autogenerated="false"/>
          <SyncAttribute SourceName="RegionDescription" GlobalName="RgnDesc" Type="string" IsNullable="true" Autogenerated="false"/>
          <SyncAttribute SourceName="LastUpdateTime" GlobalName="LastUpdateTime" Type="timestamp" IsNullable="false" Autogenerated="false"/>
          <SyncAttribute SourceName="UpdateUserID" GlobalName="UpdateUserID" Type="string" IsNullable="false" Autogenerated="false"/>
          <SyncAttribute SourceName="SoftDeleteFlag" GlobalName="SoftDeleteFlag" Type="boolean" IsNullable="false" Autogenerated="false"/>
        </SyncAttributes>
        <Relationships>
          <OneToMany TargetObject="Territories" TargetObjectAttribute="RegionID" SourceObjectAttribute="RegionID" Cascade="true"/>
        </Relationships>
        <FilterParameters>
          <ClientFilterParameters>
          </ClientFilterParameters>
          <ServerFilterParameters>
          </ServerFilterParameters>
        </FilterParameters>
        <UpdateTimeStampAttribute GlobalName="LastUpdateTime"/>
        <UpdateUserIDAttribute GlobalName="UpdateUserID"/>
        <SoftDeleteFlagAttribute GlobalName="SoftDeleteFlag"/>
      <Operations/>
</SyncObject>
      <SyncObject SourceName="Territories" GlobalName="Territories">
        <SyncAttributes>
          <Key>
            <Attribute GlobalName="TerritoryID"/>
          </Key>
          <SyncAttribute SourceName="TerritoryID" GlobalName="TerritoryID" Type="string" IsNullable="false" Autogenerated="false"/>
          <SyncAttribute SourceName="TerritoryDescription" GlobalName="TerDesc" Type="string" IsNullable="false" Autogenerated="false"/>
          <SyncAttribute SourceName="RegionID" GlobalName="RegionID" Type="int" IsNullable="false" Autogenerated="false"/>
          <SyncAttribute SourceName="LastUpdateTime" GlobalName="LastUpdateTime" Type="timestamp" IsNullable="false" Autogenerated="false"/>
          <SyncAttribute SourceName="UpdateUserID" GlobalName="UpdateUserID" Type="string" IsNullable="false" Autogenerated="false"/>
          <SyncAttribute SourceName="SoftDeleteFlag" GlobalName="SoftDeleteFlag" Type="boolean" IsNullable="false" Autogenerated="false"/>
        </SyncAttributes>
        <Relationships>
          <OneToMany TargetObject="EmployeeTerritories" TargetObjectAttribute="TerritoryID" SourceObjectAttribute="TerritoryID" Cascade="false"/>
        </Relationships>
        <FilterParameters>
          <ClientFilterParameters>
          </ClientFilterParameters>
          <ServerFilterParameters>
          </ServerFilterParameters>
        </FilterParameters>
        <UpdateTimeStampAttribute GlobalName="LastUpdateTime"/>
        <UpdateUserIDAttribute GlobalName="UpdateUserID"/>
        <SoftDeleteFlagAttribute GlobalName="SoftDeleteFlag"/>
      <Operations/>
</SyncObject>
      <SyncObject SourceName="EmployeeTerritories" GlobalName="EmployeeTerritories">
        <SyncAttributes>
          <Key>
            <Attribute GlobalName="EmployeeID"/>
            <Attribute GlobalName="TerritoryID"/>
          </Key>
          <SyncAttribute SourceName="EmployeeID" GlobalName="EmployeeID" Type="int" IsNullable="false" Autogenerated="false"/>
          <SyncAttribute SourceName="TerritoryID" GlobalName="TerritoryID" Type="string" IsNullable="false" Autogenerated="false"/>
          <SyncAttribute SourceName="LastUpdateTime" GlobalName="LastUpdateTime" Type="timestamp" IsNullable="false" Autogenerated="false"/>
          <SyncAttribute SourceName="UpdateUserID" GlobalName="UpdateUserID" Type="string" IsNullable="false" Autogenerated="false"/>
          <SyncAttribute SourceName="SoftDeleteFlag" GlobalName="SoftDeleteFlag" Type="boolean" IsNullable="false" Autogenerated="false"/>
        </SyncAttributes>
        <Relationships>
        </Relationships>
        <FilterParameters>
          <ClientFilterParameters>
          </ClientFilterParameters>
          <ServerFilterParameters>
          </ServerFilterParameters>
        </FilterParameters>
        <UpdateTimeStampAttribute GlobalName="LastUpdateTime"/>
        <UpdateUserIDAttribute GlobalName="UpdateUserID"/>
        <SoftDeleteFlagAttribute GlobalName="SoftDeleteFlag"/>
      <Operations/>
</SyncObject>
      <SyncObject SourceName="Employees" GlobalName="Employees">
        <SyncAttributes>
          <Key>
            <Attribute GlobalName="EmployeeID"/>
          </Key>
          <SyncAttribute SourceName="EmployeeID" GlobalName="EmployeeID" Type="int" IsNullable="false" Autogenerated="true"/>
          <SyncAttribute SourceName="LastName" GlobalName="LastName" Type="string" IsNullable="true" Autogenerated="false"/>
          <SyncAttribute SourceName="FirstName" GlobalName="FirstName" Type="string" IsNullable="true" Autogenerated="false"/>
          <SyncAttribute SourceName="Extension" GlobalName="Extension" Type="string" IsNullable="true" Autogenerated="false"/>
          <SyncAttribute SourceName="LastUpdateTime" GlobalName="LastUpdateTime" Type="timestamp" IsNullable="false" Autogenerated="false"/>
          <SyncAttribute SourceName="UpdateUserID" GlobalName="UpdateUserID" Type="string" IsNullable="false" Autogenerated="false"/>
          <SyncAttribute SourceName="SoftDeleteFlag" GlobalName="SoftDeleteFlag" Type="boolean" IsNullable="false" Autogenerated="false"/>
        </SyncAttributes>
        <Relationships>
          <OneToMany TargetObject="Orders" TargetObjectAttribute="EmployeeID" SourceObjectAttribute="EmployeeID" Cascade="true"/>
          <OneToMany TargetObject="EmployeeTerritories" TargetObjectAttribute="EmployeeID" SourceObjectAttribute="EmployeeID" Cascade="true"/>
        </Relationships>
        <FilterParameters>
          <ClientFilterParameters>
          </ClientFilterParameters>
          <ServerFilterParameters>
          </ServerFilterParameters>
        </FilterParameters>
        <UpdateTimeStampAttribute GlobalName="LastUpdateTime"/>
        <UpdateUserIDAttribute GlobalName="UpdateUserID"/>
        <SoftDeleteFlagAttribute GlobalName="SoftDeleteFlag"/>
      <Operations/>
</SyncObject>
    </SyncScope>
  </SyncScopes>
  <DataSources>
    <DataSource ID="KonySyncSample" Type="database" Class="com.kony.sync.services.datasource.jdbc.JDBCDatasource">
	   <Database Name="KonySyncSampleConfig" Type="ORACLE" IsJNDIDataSource="false" JndiORJdbcURL="jdbc:oracle:thin:syncsample/kony123@localhost:1521:xe" DriverName="oracle.jdbc.driver.OracleDriver"/> 
    </DataSource>
  </DataSources>
</SyncConfiguration>
