<?xml version="1.0" encoding="UTF-8" standalone="yes"?>
<SyncConfiguration UpdatedDateTime="6/3/2014 15:45:5" PersistentDBType="None" Name="SAPNW" AppID="SAPNW">
    <SyncInterceptors/>
    <SyncScopes>
        <SyncScope Strategy="OTASync" Namespace="LookupScope" Name="LookupScope" Datasource="SAPNW">
            <ChangeTrackingPolicy>
                <Type>datasource</Type>
                <ChangeTrackingColumnsSupported>
                    <LastUpdateTimeStamp>true</LastUpdateTimeStamp>
                    <SoftDeleteFlag>false</SoftDeleteFlag>
                </ChangeTrackingColumnsSupported>
            </ChangeTrackingPolicy>
            <ConflictPolicy>
                <Type>clientwins</Type>
            </ConflictPolicy>
            <Operations/>
            <SyncObject SourceName="TravelAgencies" IntersectionTable="false" GlobalName="TravelAgencies" Generated="false">
                <SyncAttributes>
                    <Key>
                        <Attribute GlobalName="agencynum"/>
                    </Key>
                    <SyncAttribute Type="string" SourceName="agencynum" IsNullable="false" GlobalName="agencynum" Autogenerated="false"/>
                    <SyncAttribute Type="string" SourceName="NAME" IsNullable="true" GlobalName="NAME" Autogenerated="false"/>
                    <SyncAttribute Type="string" SourceName="STREET" IsNullable="true" GlobalName="STREET" Autogenerated="false"/>
                    <SyncAttribute Type="string" SourceName="POSTBOX" IsNullable="true" GlobalName="POSTBOX" Autogenerated="false"/>
                    <SyncAttribute Type="string" SourceName="POSTCODE" IsNullable="true" GlobalName="POSTCODE" Autogenerated="false"/>
                    <SyncAttribute Type="string" SourceName="CITY" IsNullable="true" GlobalName="CITY" Autogenerated="false"/>
                    <SyncAttribute Type="string" SourceName="COUNTRY" IsNullable="true" GlobalName="COUNTRY" Autogenerated="false"/>
                    <SyncAttribute Type="string" SourceName="REGION" IsNullable="true" GlobalName="REGION" Autogenerated="false"/>
                    <SyncAttribute Type="string" SourceName="TELEPHONE" IsNullable="true" GlobalName="TELEPHONE" Autogenerated="false"/>
                    <SyncAttribute Type="string" SourceName="URL" IsNullable="true" GlobalName="URL" Autogenerated="false"/>
                    <SyncAttribute Type="string" SourceName="LANGU" IsNullable="true" GlobalName="LANGU" Autogenerated="false"/>
                    <SyncAttribute Type="string" SourceName="CURRENCY" IsNullable="true" GlobalName="CURRENCY" Autogenerated="false"/>
                    <SyncAttribute Type="string" SourceName="mimeType" IsNullable="true" GlobalName="mimeType" Autogenerated="false"/>
                    <SyncAttribute Type="string" SourceName="updated" IsNullable="true" GlobalName="updated" Autogenerated="false"/>
                </SyncAttributes>
                <Relationships/>
                <FilterParameters>
                    <ClientFilterParameters/>
                    <ServerFilterParameters/>
                </FilterParameters>
                <UpdateTimeStampAttribute GlobalName="updated" DateFormat="yyyy-MM-dd'T'HH:mm:ss'Z'"/>
                <Operations>
                    <Operation ServiceID="None" Name="Create" DataSource="SAPNW">
                        <InputHeader/>
                        <Input/>
                        <Output/>
                    </Operation>
                    <Operation ServiceID="None" Name="Update" DataSource="SAPNW">
                        <InputHeader/>
                        <Input/>
                        <Output/>
                    </Operation>
                    <Operation ServiceID="None" Name="Delete" DataSource="SAPNW">
                        <InputHeader/>
                        <Input/>
                        <Output/>
                    </Operation>
                    <Operation ServiceID="SAPNW_TravelAgencies" Name="get" DataSource="SAPNW">
                        <InputHeader/>
                        <Input/>
                        <Output>
                            <Param SourceValue="updated" Source="ATTRIBUTE" Name="root.updated"/>
                            <Param SourceValue="STREET" Source="ATTRIBUTE" Name="root.STREET"/>
                            <Param SourceValue="LANGU" Source="ATTRIBUTE" Name="root.LANGU"/>
                            <Param SourceValue="REGION" Source="ATTRIBUTE" Name="root.REGION"/>
                            <Param SourceValue="POSTBOX" Source="ATTRIBUTE" Name="root.POSTBOX"/>
                            <Param SourceValue="mimeType" Source="ATTRIBUTE" Name="root.mimeType"/>
                            <Param SourceValue="URL" Source="ATTRIBUTE" Name="root.URL"/>
                            <Param SourceValue="agencynum" Source="ATTRIBUTE" Name="root.agencynum"/>
                            <Param SourceValue="CURRENCY" Source="ATTRIBUTE" Name="root.CURRENCY"/>
                            <Param SourceValue="COUNTRY" Source="ATTRIBUTE" Name="root.COUNTRY"/>
                            <Param SourceValue="TELEPHONE" Source="ATTRIBUTE" Name="root.TELEPHONE"/>
                            <Param SourceValue="NAME" Source="ATTRIBUTE" Name="root.NAME"/>
                            <Param SourceValue="CITY" Source="ATTRIBUTE" Name="root.CITY"/>
                            <Param SourceValue="POSTCODE" Source="ATTRIBUTE" Name="root.POSTCODE"/>
                        </Output>
                    </Operation>
                    <Operation ServiceID="SAPNW_TravelAgencies" Name="getUpdated" DataSource="SAPNW">
                        <InputHeader/>
                        <Input/>
                        <Output>
                            <Param SourceValue="REGION" Source="ATTRIBUTE" Name="root.REGION"/>
                            <Param SourceValue="CURRENCY" Source="ATTRIBUTE" Name="root.CURRENCY"/>
                            <Param SourceValue="LANGU" Source="ATTRIBUTE" Name="root.LANGU"/>
                            <Param SourceValue="STREET" Source="ATTRIBUTE" Name="root.STREET"/>
                            <Param SourceValue="URL" Source="ATTRIBUTE" Name="root.URL"/>
                            <Param SourceValue="mimeType" Source="ATTRIBUTE" Name="root.mimeType"/>
                            <Param SourceValue="agencynum" Source="ATTRIBUTE" Name="root.agencynum"/>
                            <Param SourceValue="updated" Source="ATTRIBUTE" Name="root.updated"/>
                            <Param SourceValue="CITY" Source="ATTRIBUTE" Name="root.CITY"/>
                            <Param SourceValue="POSTBOX" Source="ATTRIBUTE" Name="root.POSTBOX"/>
                            <Param SourceValue="POSTCODE" Source="ATTRIBUTE" Name="root.POSTCODE"/>
                            <Param SourceValue="COUNTRY" Source="ATTRIBUTE" Name="root.COUNTRY"/>
                            <Param SourceValue="TELEPHONE" Source="ATTRIBUTE" Name="root.TELEPHONE"/>
                            <Param SourceValue="NAME" Source="ATTRIBUTE" Name="root.NAME"/>
                        </Output>
                    </Operation>
                    <Operation ServiceID="None" Name="getDeleted" DataSource="SAPNW">
                        <InputHeader/>
                        <Input/>
                        <Output/>
                    </Operation>
                    <Operation ServiceID="None" Name="getBatch" DataSource="SAPNW">
                        <InputHeader/>
                        <Input/>
                        <Output/>
                    </Operation>
                </Operations>
            </SyncObject>
            <SyncObject SourceName="CarrierCollection" IntersectionTable="false" GlobalName="CarrierCollection" Generated="false">
                <SyncAttributes>
                    <Key>
                        <Attribute GlobalName="carrid"/>
                    </Key>
                    <SyncAttribute Type="string" SourceName="carrid" IsNullable="false" GlobalName="carrid" Autogenerated="false"/>
                    <SyncAttribute Type="string" SourceName="CARRNAME" IsNullable="true" GlobalName="CARRNAME" Autogenerated="false"/>
                    <SyncAttribute Type="string" SourceName="CURRCODE" IsNullable="true" GlobalName="CURRCODE" Autogenerated="false"/>
                    <SyncAttribute Type="string" SourceName="URL" IsNullable="true" GlobalName="URL" Autogenerated="false"/>
                    <SyncAttribute Type="string" SourceName="mimeType" IsNullable="true" GlobalName="mimeType" Autogenerated="false"/>
                    <SyncAttribute Type="string" SourceName="updated" IsNullable="true" GlobalName="updated" Autogenerated="false"/>
                </SyncAttributes>
                <Relationships/>
                <FilterParameters>
                    <ClientFilterParameters/>
                    <ServerFilterParameters/>
                </FilterParameters>
                <UpdateTimeStampAttribute GlobalName="updated" DateFormat="yyyy-MM-dd'T'HH:mm:ss'Z'"/>
                <Operations>
                    <Operation ServiceID="None" Name="Create" DataSource="SAPNW">
                        <InputHeader/>
                        <Input/>
                        <Output/>
                    </Operation>
                    <Operation ServiceID="None" Name="Update" DataSource="SAPNW">
                        <InputHeader/>
                        <Input/>
                        <Output/>
                    </Operation>
                    <Operation ServiceID="None" Name="Delete" DataSource="SAPNW">
                        <InputHeader/>
                        <Input/>
                        <Output/>
                    </Operation>
                    <Operation ServiceID="SAPNW_CarrierCollection" Name="get" DataSource="SAPNW">
                        <InputHeader/>
                        <Input/>
                        <Output>
                            <Param SourceValue="updated" Source="ATTRIBUTE" Name="root.updated"/>
                            <Param SourceValue="CURRCODE" Source="ATTRIBUTE" Name="root.CURRCODE"/>
                            <Param SourceValue="mimeType" Source="ATTRIBUTE" Name="root.mimeType"/>
                            <Param SourceValue="carrid" Source="ATTRIBUTE" Name="root.carrid"/>
                            <Param SourceValue="CARRNAME" Source="ATTRIBUTE" Name="root.CARRNAME"/>
                            <Param SourceValue="URL" Source="ATTRIBUTE" Name="root.URL"/>
                        </Output>
                    </Operation>
                    <Operation ServiceID="SAPNW_CarrierCollection" Name="getUpdated" DataSource="SAPNW">
                        <InputHeader/>
                        <Input/>
                        <Output>
                            <Param SourceValue="updated" Source="ATTRIBUTE" Name="root.updated"/>
                            <Param SourceValue="CURRCODE" Source="ATTRIBUTE" Name="root.CURRCODE"/>
                            <Param SourceValue="mimeType" Source="ATTRIBUTE" Name="root.mimeType"/>
                            <Param SourceValue="carrid" Source="ATTRIBUTE" Name="root.carrid"/>
                            <Param SourceValue="CARRNAME" Source="ATTRIBUTE" Name="root.CARRNAME"/>
                            <Param SourceValue="URL" Source="ATTRIBUTE" Name="root.URL"/>
                        </Output>
                    </Operation>
                    <Operation ServiceID="None" Name="getDeleted" DataSource="SAPNW">
                        <InputHeader/>
                        <Input/>
                        <Output/>
                    </Operation>
                    <Operation ServiceID="None" Name="getBatch" DataSource="SAPNW">
                        <InputHeader/>
                        <Input/>
                        <Output/>
                    </Operation>
                </Operations>
            </SyncObject>
            <SyncObject SourceName="FlightCollection" IntersectionTable="false" GlobalName="FlightCollection" Generated="false">
                <SyncAttributes>
                    <Key>
                        <Attribute GlobalName="carrid"/>
                    </Key>
                    <SyncAttribute Type="string" SourceName="carrid" IsNullable="false" GlobalName="carrid" Autogenerated="false"/>
                    <SyncAttribute Type="string" SourceName="countryFrom" IsNullable="false" GlobalName="countryFrom" Autogenerated="false"/>
                    <SyncAttribute Type="string" SourceName="cityFrom" IsNullable="true" GlobalName="cityFrom" Autogenerated="false"/>
                    <SyncAttribute Type="string" SourceName="airportFrom" IsNullable="true" GlobalName="airportFrom" Autogenerated="false"/>
                    <SyncAttribute Type="string" SourceName="countryTo" IsNullable="true" GlobalName="countryTo" Autogenerated="false"/>
                    <SyncAttribute Type="string" SourceName="cityTo" IsNullable="true" GlobalName="cityTo" Autogenerated="false"/>
                    <SyncAttribute Type="string" SourceName="airportTo" IsNullable="true" GlobalName="airportTo" Autogenerated="false"/>
                    <SyncAttribute Type="string" SourceName="flightTime" IsNullable="true" GlobalName="flightTime" Autogenerated="false"/>
                    <SyncAttribute Type="string" SourceName="departureTime" IsNullable="true" GlobalName="departureTime" Autogenerated="false"/>
                    <SyncAttribute Type="string" SourceName="arrivalTime" IsNullable="true" GlobalName="arrivalTime" Autogenerated="false"/>
                    <SyncAttribute Type="string" SourceName="distance" IsNullable="true" GlobalName="distance" Autogenerated="false"/>
                    <SyncAttribute Type="string" SourceName="distanceUnit" IsNullable="true" GlobalName="distanceUnit" Autogenerated="false"/>
                    <SyncAttribute Type="string" SourceName="flightType" IsNullable="true" GlobalName="flightType" Autogenerated="false"/>
                    <SyncAttribute Type="string" SourceName="period" IsNullable="true" GlobalName="period" Autogenerated="false"/>
                    <SyncAttribute Type="string" SourceName="updated" IsNullable="true" GlobalName="updated" Autogenerated="false"/>
                    <SyncAttribute Type="string" SourceName="connid" IsNullable="true" GlobalName="connid" Autogenerated="false"/>
                    <SyncAttribute Type="string" SourceName="fldate" IsNullable="true" GlobalName="fldate" Autogenerated="false"/>
                    <SyncAttribute Type="string" SourceName="PRICE" IsNullable="true" GlobalName="PRICE" Autogenerated="false"/>
                    <SyncAttribute Type="string" SourceName="CURRENCY" IsNullable="true" GlobalName="CURRENCY" Autogenerated="false"/>
                    <SyncAttribute Type="string" SourceName="PLANETYPE" IsNullable="true" GlobalName="PLANETYPE" Autogenerated="false"/>
                    <SyncAttribute Type="string" SourceName="SEATSMAX" IsNullable="true" GlobalName="SEATSMAX" Autogenerated="false"/>
                    <SyncAttribute Type="string" SourceName="SEATSOCC" IsNullable="true" GlobalName="SEATSOCC" Autogenerated="false"/>
                    <SyncAttribute Type="string" SourceName="PAYMENTSUM" IsNullable="true" GlobalName="PAYMENTSUM" Autogenerated="false"/>
                    <SyncAttribute Type="string" SourceName="SEATSMAXB" IsNullable="true" GlobalName="SEATSMAXB" Autogenerated="false"/>
                    <SyncAttribute Type="string" SourceName="SEATSOCCB" IsNullable="true" GlobalName="SEATSOCCB" Autogenerated="false"/>
                    <SyncAttribute Type="string" SourceName="SEATSMAXF" IsNullable="true" GlobalName="SEATSMAXF" Autogenerated="false"/>
                    <SyncAttribute Type="string" SourceName="SEATSOCCF" IsNullable="true" GlobalName="SEATSOCCF" Autogenerated="false"/>
                </SyncAttributes>
                <Relationships/>
                <FilterParameters>
                    <ClientFilterParameters/>
                    <ServerFilterParameters/>
                </FilterParameters>
                <UpdateTimeStampAttribute GlobalName="updated" DateFormat="yyyy-MM-dd'T'HH:mm:ss'Z'"/>
                <Operations>
                    <Operation ServiceID="None" Name="Create" DataSource="SAPNW">
                        <InputHeader/>
                        <Input/>
                        <Output/>
                    </Operation>
                    <Operation ServiceID="None" Name="Update" DataSource="SAPNW">
                        <InputHeader/>
                        <Input/>
                        <Output/>
                    </Operation>
                    <Operation ServiceID="None" Name="Delete" DataSource="SAPNW">
                        <InputHeader/>
                        <Input/>
                        <Output/>
                    </Operation>
                    <Operation ServiceID="SAPNW_FlightCollection" Name="get" DataSource="SAPNW">
                        <InputHeader/>
                        <Input/>
                        <Output>
                            <Param SourceValue="airportTo" Source="ATTRIBUTE" Name="root.airportTo"/>
                            <Param SourceValue="arrivalTime" Source="ATTRIBUTE" Name="root.arrivalTime"/>
                            <Param SourceValue="countryFrom" Source="ATTRIBUTE" Name="root.countryFrom"/>
                            <Param SourceValue="SEATSOCC" Source="ATTRIBUTE" Name="root.SEATSOCC"/>
                            <Param SourceValue="cityTo" Source="ATTRIBUTE" Name="root.cityTo"/>
                            <Param SourceValue="connid" Source="ATTRIBUTE" Name="root.connid"/>
                            <Param SourceValue="SEATSMAX" Source="ATTRIBUTE" Name="root.SEATSMAX"/>
                            <Param SourceValue="flightTime" Source="ATTRIBUTE" Name="root.flightTime"/>
                            <Param SourceValue="SEATSMAXF" Source="ATTRIBUTE" Name="root.SEATSMAX_F"/>
                            <Param SourceValue="period" Source="ATTRIBUTE" Name="root.period"/>
                            <Param SourceValue="distanceUnit" Source="ATTRIBUTE" Name="root.distanceUnit"/>
                            <Param SourceValue="SEATSOCCB" Source="ATTRIBUTE" Name="root.SEATSOCC_B"/>
                            <Param SourceValue="fldate" Source="ATTRIBUTE" Name="root.fldate"/>
                            <Param SourceValue="PRICE" Source="ATTRIBUTE" Name="root.PRICE"/>
                            <Param SourceValue="flightType" Source="ATTRIBUTE" Name="root.flightType"/>
                            <Param SourceValue="PAYMENTSUM" Source="ATTRIBUTE" Name="root.PAYMENTSUM"/>
                            <Param SourceValue="cityFrom" Source="ATTRIBUTE" Name="root.cityFrom"/>
                            <Param SourceValue="updated" Source="ATTRIBUTE" Name="root.updated"/>
                            <Param SourceValue="SEATSMAXB" Source="ATTRIBUTE" Name="root.SEATSMAX_B"/>
                            <Param SourceValue="countryTo" Source="ATTRIBUTE" Name="root.countryTo"/>
                            <Param SourceValue="PLANETYPE" Source="ATTRIBUTE" Name="root.PLANETYPE"/>
                            <Param SourceValue="departureTime" Source="ATTRIBUTE" Name="root.departureTime"/>
                            <Param SourceValue="CURRENCY" Source="ATTRIBUTE" Name="root.CURRENCY"/>
                            <Param SourceValue="distance" Source="ATTRIBUTE" Name="root.distance"/>
                            <Param SourceValue="carrid" Source="ATTRIBUTE" Name="root.carrid"/>
                            <Param SourceValue="airportFrom" Source="ATTRIBUTE" Name="root.airportFrom"/>
                            <Param SourceValue="SEATSOCCF" Source="ATTRIBUTE" Name="root.SEATSOCC_F"/>
                        </Output>
                    </Operation>
                    <Operation ServiceID="SAPNW_FlightCollection" Name="getUpdated" DataSource="SAPNW">
                        <InputHeader/>
                        <Input/>
                        <Output>
                            <Param SourceValue="airportTo" Source="ATTRIBUTE" Name="root.airportTo"/>
                            <Param SourceValue="arrivalTime" Source="ATTRIBUTE" Name="root.arrivalTime"/>
                            <Param SourceValue="countryFrom" Source="ATTRIBUTE" Name="root.countryFrom"/>
                            <Param SourceValue="SEATSOCC" Source="ATTRIBUTE" Name="root.SEATSOCC"/>
                            <Param SourceValue="cityTo" Source="ATTRIBUTE" Name="root.cityTo"/>
                            <Param SourceValue="connid" Source="ATTRIBUTE" Name="root.connid"/>
                            <Param SourceValue="SEATSMAX" Source="ATTRIBUTE" Name="root.SEATSMAX"/>
                            <Param SourceValue="flightTime" Source="ATTRIBUTE" Name="root.flightTime"/>
                            <Param SourceValue="SEATSMAXF" Source="ATTRIBUTE" Name="root.SEATSMAX_F"/>
                            <Param SourceValue="period" Source="ATTRIBUTE" Name="root.period"/>
                            <Param SourceValue="distanceUnit" Source="ATTRIBUTE" Name="root.distanceUnit"/>
                            <Param SourceValue="SEATSOCCB" Source="ATTRIBUTE" Name="root.SEATSOCC_B"/>
                            <Param SourceValue="fldate" Source="ATTRIBUTE" Name="root.fldate"/>
                            <Param SourceValue="PRICE" Source="ATTRIBUTE" Name="root.PRICE"/>
                            <Param SourceValue="flightType" Source="ATTRIBUTE" Name="root.flightType"/>
                            <Param SourceValue="PAYMENTSUM" Source="ATTRIBUTE" Name="root.PAYMENTSUM"/>
                            <Param SourceValue="cityFrom" Source="ATTRIBUTE" Name="root.cityFrom"/>
                            <Param SourceValue="updated" Source="ATTRIBUTE" Name="root.updated"/>
                            <Param SourceValue="SEATSMAXB" Source="ATTRIBUTE" Name="root.SEATSMAX_B"/>
                            <Param SourceValue="countryTo" Source="ATTRIBUTE" Name="root.countryTo"/>
                            <Param SourceValue="PLANETYPE" Source="ATTRIBUTE" Name="root.PLANETYPE"/>
                            <Param SourceValue="departureTime" Source="ATTRIBUTE" Name="root.departureTime"/>
                            <Param SourceValue="CURRENCY" Source="ATTRIBUTE" Name="root.CURRENCY"/>
                            <Param SourceValue="distance" Source="ATTRIBUTE" Name="root.distance"/>
                            <Param SourceValue="carrid" Source="ATTRIBUTE" Name="root.carrid"/>
                            <Param SourceValue="airportFrom" Source="ATTRIBUTE" Name="root.airportFrom"/>
                            <Param SourceValue="SEATSOCCF" Source="ATTRIBUTE" Name="root.SEATSOCC_F"/>
                        </Output>
                    </Operation>
                    <Operation ServiceID="None" Name="getDeleted" DataSource="SAPNW">
                        <InputHeader/>
                        <Input/>
                        <Output/>
                    </Operation>
                    <Operation ServiceID="None" Name="getBatch" DataSource="SAPNW">
                        <InputHeader/>
                        <Input/>
                        <Output/>
                    </Operation>
                </Operations>
            </SyncObject>
        </SyncScope>
        <SyncScope Strategy="OTASync" Namespace="FlightBooking" Name="FlightBooking" Datasource="SAPNW">
            <ChangeTrackingPolicy>
                <Type>datasource</Type>
                <ChangeTrackingColumnsSupported>
                    <LastUpdateTimeStamp>true</LastUpdateTimeStamp>
                    <SoftDeleteFlag>false</SoftDeleteFlag>
                </ChangeTrackingColumnsSupported>
            </ChangeTrackingPolicy>
            <ConflictPolicy>
                <Type>clientwins</Type>
            </ConflictPolicy>
            <Operations/>
            <SyncObject SourceName="FlightBooking" IntersectionTable="false" GlobalName="FlightBooking" Generated="false">
                <SyncAttributes>
                    <Key>
                        <Attribute GlobalName="bookid"/>
                    </Key>
                    <SyncAttribute Type="string" SourceName="bookid" IsNullable="false" GlobalName="bookid" Autogenerated="false"/>
                    <SyncAttribute Type="string" SourceName="carrid" IsNullable="false" GlobalName="carrid" Autogenerated="false"/>
                    <SyncAttribute Type="string" SourceName="connid" IsNullable="true" GlobalName="connid" Autogenerated="false"/>
                    <SyncAttribute Type="string" SourceName="fldate" IsNullable="true" GlobalName="fldate" Autogenerated="false"/>
                    <SyncAttribute Type="string" SourceName="CUSTOMID" IsNullable="true" GlobalName="CUSTOMID" Autogenerated="false"/>
                    <SyncAttribute Type="string" SourceName="CUSTTYPE" IsNullable="true" GlobalName="CUSTTYPE" Autogenerated="false"/>
                    <SyncAttribute Type="string" SourceName="SMOKER" IsNullable="true" GlobalName="SMOKER" Autogenerated="false"/>
                    <SyncAttribute Type="string" SourceName="WUNIT" IsNullable="true" GlobalName="WUNIT" Autogenerated="false"/>
                    <SyncAttribute Type="string" SourceName="LUGGWEIGHT" IsNullable="true" GlobalName="LUGGWEIGHT" Autogenerated="false"/>
                    <SyncAttribute Type="string" SourceName="INVOICE" IsNullable="true" GlobalName="INVOICE" Autogenerated="false"/>
                    <SyncAttribute Type="string" SourceName="CLASS" IsNullable="true" GlobalName="CLASS" Autogenerated="false"/>
                    <SyncAttribute Type="string" SourceName="FORCURAM" IsNullable="true" GlobalName="FORCURAM" Autogenerated="false"/>
                    <SyncAttribute Type="string" SourceName="FORCURKEY" IsNullable="true" GlobalName="FORCURKEY" Autogenerated="false"/>
                    <SyncAttribute Type="string" SourceName="LOCCURAM" IsNullable="true" GlobalName="LOCCURAM" Autogenerated="false"/>
                    <SyncAttribute Type="string" SourceName="LOCCURKEY" IsNullable="true" GlobalName="LOCCURKEY" Autogenerated="false"/>
                    <SyncAttribute Type="string" SourceName="COUNTER" IsNullable="true" GlobalName="COUNTER" Autogenerated="false"/>
                    <SyncAttribute Type="string" SourceName="PASSNAME" IsNullable="true" GlobalName="PASSNAME" Autogenerated="false"/>
                    <SyncAttribute Type="string" SourceName="ORDERDATE" IsNullable="true" GlobalName="ORDERDATE" Autogenerated="false"/>
                </SyncAttributes>
                <Relationships/>
                <FilterParameters>
                    <ClientFilterParameters/>
                    <ServerFilterParameters/>
                </FilterParameters>
                <UpdateTimeStampAttribute GlobalName="ORDERDATE" DateFormat="yyyy-MM-dd'T'HH:mm:ss'Z'"/>
                <Operations>
                    <Operation ServiceID="SAPNW_BookingCollection" Name="Create" DataSource="SAPNW">
                        <InputHeader>
                            <Param SourceValue="application/atom+xml" Source="CONSTANT" Name="Content-Type"/>
                            <Param SourceValue="2.0" Source="CONSTANT" Name="DataServiceVersion"/>
                            <Param SourceValue="X" Source="CONSTANT" Name="X-Requested-With"/>
                        </InputHeader>
                        <Input>
                            <Param SourceValue="INVOICE" Source="ATTRIBUTE" Name="INVOICE"/>
                            <Param SourceValue="LUGGWEIGHT" Source="ATTRIBUTE" Name="LUGGWEIGHT"/>
                            <Param SourceValue="CLASS" Source="ATTRIBUTE" Name="CLASS"/>
                            <Param SourceValue="FORCURKEY" Source="ATTRIBUTE" Name="FORCURKEY"/>
                            <Param SourceValue="connid" Source="ATTRIBUTE" Name="connid"/>
                            <Param SourceValue="fldate" Source="ATTRIBUTE" Name="fldate"/>
                            <Param SourceValue="SMOKER" Source="ATTRIBUTE" Name="SMOKER"/>
                            <Param SourceValue="CUSTTYPE" Source="ATTRIBUTE" Name="CUSTTYPE"/>
                            <Param SourceValue="WUNIT" Source="ATTRIBUTE" Name="WUNIT"/>
                            <Param SourceValue="COUNTER" Source="ATTRIBUTE" Name="COUNTER"/>
                            <Param SourceValue="LOCCURKEY" Source="ATTRIBUTE" Name="LOCCURKEY"/>
                            <Param SourceValue="bookid" Source="ATTRIBUTE" Name="bookid"/>
                            <Param SourceValue="carrid" Source="ATTRIBUTE" Name="carrid"/>
                            <Param SourceValue="FORCURAM" Source="ATTRIBUTE" Name="FORCURAM"/>
                            <Param SourceValue="PASSNAME" Source="ATTRIBUTE" Name="PASSNAME"/>
                            <Param SourceValue="CUSTOMID" Source="ATTRIBUTE" Name="CUSTOMID"/>
                            <Param SourceValue="LOCCURAM" Source="ATTRIBUTE" Name="LOCCURAM"/>
                            <Param SourceValue="ORDERDATE" Source="ATTRIBUTE" Name="ORDER_DATE"/>
                        </Input>
                        <Output/>
                    </Operation>
                    <Operation ServiceID="None" Name="Update" DataSource="SAPNW">
                        <InputHeader/>
                        <Input/>
                        <Output/>
                    </Operation>
                    <Operation ServiceID="None" Name="Delete" DataSource="SAPNW">
                        <InputHeader/>
                        <Input/>
                        <Output/>
                    </Operation>
                    <Operation ServiceID="None" Name="get" DataSource="SAPNW">
                        <InputHeader/>
                        <Input/>
                        <Output/>
                    </Operation>
                    <Operation ServiceID="None" Name="getUpdated" DataSource="SAPNW">
                        <InputHeader/>
                        <Input/>
                        <Output/>
                    </Operation>
                    <Operation ServiceID="None" Name="getDeleted" DataSource="SAPNW">
                        <InputHeader/>
                        <Input/>
                        <Output/>
                    </Operation>
                    <Operation ServiceID="None" Name="getBatch" DataSource="SAPNW">
                        <InputHeader/>
                        <Input/>
                        <Output/>
                    </Operation>
                </Operations>
            </SyncObject>
        </SyncScope>
    </SyncScopes>
    <DataSources>
        <DataSource Type="restful" ID="SAPNW" Class="com.kony.sync.services.datasource.webservice.XMLDatasource">
            <Services>
                <Service Type="plainxmlserviceConnector" PasswordEncrypted="false" ID="SAPNW_FlightCollection" Cacheduration="" Cacheable="false">
                    <ServiceConfig>
                        <ConfigParam Value="http://192.168.2.52:8010/sap/opu/odata/iwfnd/RMTSAMPLEFLIGHT/FlightCollection" Name="endpointUrl"/>
                        <ConfigParam Value="KONYINDIA" Name="userid"/>
                        <ConfigParam Value="k0ny@dm1n" Name="pwd"/>
                        <ConfigParam Value="" Name="postprocessorname"/>
                        <ConfigParam Value="" Name="preprocessorname"/>
                        <ConfigParam Value="" Name="urlprovider"/>
                        <ConfigParam Value="" Name="dataprovider"/>
                        <ConfigParam Value="" Name="sockettimeout"/>
                        <ConfigParam Value="false" Name="ignorehttpproxy"/>
                        <ConfigParam Value="" Name="proxyname"/>
                        <ConfigParam Value="" Name="proxyport"/>
                        <ConfigParam Value="" Name="proxyusername"/>
                        <ConfigParam Value="" Name="proxypwd"/>
                        <ConfigParam Value="UTF-8" Name="responseEncoding"/>
                        <ConfigParam Value="false" Name="isembedxmlpresent"/>
                        <ConfigParam Value="basic" Name="server.auth.mode"/>
                        <ConfigParam Value="GET" Name="http.method"/>
                    </ServiceConfig>
                    <ServiceInput>
                        <Header/>
                        <TemplateParam Value="" Name=""/>
                    </ServiceInput>
                    <ServiceOutput>
                        <Dataset ID="root" Expression="//feed">
                            <Param Source="ATTRIBUTE" Name="updated" Expression="entry/updated" Datatype="string"/>
                            <Param Source="ATTRIBUTE" Name="countryFrom" Expression="entry/content/m:properties/d:flightDetails/d:countryFrom" Datatype="string"/>
                            <Param Source="ATTRIBUTE" Name="cityFrom" Expression="entry/content/m:properties/d:flightDetails/d:cityFrom" Datatype="string"/>
                            <Param Source="ATTRIBUTE" Name="airportFrom" Expression="entry/content/m:properties/d:flightDetails/d:airportFrom" Datatype="string"/>
                            <Param Source="ATTRIBUTE" Name="countryTo" Expression="entry/content/m:properties/d:flightDetails/d:countryTo" Datatype="string"/>
                            <Param Source="ATTRIBUTE" Name="cityTo" Expression="entry/content/m:properties/d:flightDetails/d:cityTo" Datatype="string"/>
                            <Param Source="ATTRIBUTE" Name="airportTo" Expression="entry/content/m:properties/d:flightDetails/d:airportTo" Datatype="string"/>
                            <Param Source="ATTRIBUTE" Name="flightTime" Expression="entry/content/m:properties/d:flightDetails/d:flightTime" Datatype="string"/>
                            <Param Source="ATTRIBUTE" Name="departureTime" Expression="entry/content/m:properties/d:flightDetails/d:departureTime" Datatype="string"/>
                            <Param Source="ATTRIBUTE" Name="arrivalTime" Expression="entry/content/m:properties/d:flightDetails/d:arrivalTime" Datatype="string"/>
                            <Param Source="ATTRIBUTE" Name="distance" Expression="entry/content/m:properties/d:flightDetails/d:distance" Datatype="string"/>
                            <Param Source="ATTRIBUTE" Name="distanceUnit" Expression="entry/content/m:properties/d:flightDetails/d:distanceUnit" Datatype="string"/>
                            <Param Source="ATTRIBUTE" Name="flightType" Expression="entry/content/m:properties/d:flightDetails/d:flightType" Datatype="string"/>
                            <Param Source="ATTRIBUTE" Name="period" Expression="entry/content/m:properties/d:flightDetails/d:period" Datatype="string"/>
                            <Param Source="ATTRIBUTE" Name="carrid" Expression="entry/content/m:properties/d:carrid" Datatype="string"/>
                            <Param Source="ATTRIBUTE" Name="connid" Expression="entry/content/m:properties/d:connid" Datatype="string"/>
                            <Param Source="ATTRIBUTE" Name="fldate" Expression="entry/content/m:properties/d:fldate" Datatype="string"/>
                            <Param Source="ATTRIBUTE" Name="PRICE" Expression="entry/content/m:properties/d:PRICE" Datatype="string"/>
                            <Param Source="ATTRIBUTE" Name="CURRENCY" Expression="entry/content/m:properties/d:CURRENCY" Datatype="string"/>
                            <Param Source="ATTRIBUTE" Name="PLANETYPE" Expression="entry/content/m:properties/d:PLANETYPE" Datatype="string"/>
                            <Param Source="ATTRIBUTE" Name="SEATSMAX" Expression="entry/content/m:properties/d:SEATSMAX" Datatype="string"/>
                            <Param Source="ATTRIBUTE" Name="SEATSOCC" Expression="entry/content/m:properties/d:SEATSOCC" Datatype="string"/>
                            <Param Source="ATTRIBUTE" Name="PAYMENTSUM" Expression="entry/content/m:properties/d:PAYMENTSUM" Datatype="string"/>
                            <Param Source="ATTRIBUTE" Name="SEATSMAX_B" Expression="entry/content/m:properties/d:SEATSMAX_B" Datatype="string"/>
                            <Param Source="ATTRIBUTE" Name="SEATSOCC_B" Expression="entry/content/m:properties/d:SEATSOCC_B" Datatype="string"/>
                            <Param Source="ATTRIBUTE" Name="SEATSMAX_F" Expression="entry/content/m:properties/d:SEATSMAX_F" Datatype="string"/>
                            <Param Source="ATTRIBUTE" Name="SEATSOCC_F" Expression="entry/content/m:properties/d:SEATSOCC_F" Datatype="string"/>
                        </Dataset>
                    </ServiceOutput>
                </Service>
                <Service Type="plainxmlserviceConnector" PasswordEncrypted="false" ID="SAPNW_TravelAgencies" Cacheduration="" Cacheable="false">
                    <ServiceConfig>
                        <ConfigParam Value="http://192.168.2.52:8010/sap/opu/odata/iwfnd/RMTSAMPLEFLIGHT/TravelAgencies" Name="endpointUrl"/>
                        <ConfigParam Value="KONYINDIA" Name="userid"/>
                        <ConfigParam Value="k0ny@dm1n" Name="pwd"/>
                        <ConfigParam Value="" Name="postprocessorname"/>
                        <ConfigParam Value="" Name="preprocessorname"/>
                        <ConfigParam Value="" Name="urlprovider"/>
                        <ConfigParam Value="" Name="dataprovider"/>
                        <ConfigParam Value="" Name="sockettimeout"/>
                        <ConfigParam Value="false" Name="ignorehttpproxy"/>
                        <ConfigParam Value="" Name="proxyname"/>
                        <ConfigParam Value="" Name="proxyport"/>
                        <ConfigParam Value="" Name="proxyusername"/>
                        <ConfigParam Value="" Name="proxypwd"/>
                        <ConfigParam Value="UTF-8" Name="responseEncoding"/>
                        <ConfigParam Value="false" Name="isembedxmlpresent"/>
                        <ConfigParam Value="basic" Name="server.auth.mode"/>
                        <ConfigParam Value="GET" Name="http.method"/>
                    </ServiceConfig>
                    <ServiceInput>
                        <Header/>
                        <TemplateParam Value="" Name=""/>
                    </ServiceInput>
                    <ServiceOutput>
                        <Dataset ID="root" Expression="//feed">
                            <Param Source="ATTRIBUTE" Name="updated" Expression="entry/updated" Datatype="string"/>
                            <Param Source="ATTRIBUTE" Name="agencynum" Expression="entry/content/m:properties/d:agencynum" Datatype="string"/>
                            <Param Source="ATTRIBUTE" Name="NAME" Expression="entry/content/m:properties/d:NAME" Datatype="string"/>
                            <Param Source="ATTRIBUTE" Name="STREET" Expression="entry/content/m:properties/d:STREET" Datatype="string"/>
                            <Param Source="ATTRIBUTE" Name="POSTBOX" Expression="entry/content/m:properties/d:POSTBOX" Datatype="string"/>
                            <Param Source="ATTRIBUTE" Name="POSTCODE" Expression="entry/content/m:properties/d:POSTCODE" Datatype="string"/>
                            <Param Source="ATTRIBUTE" Name="CITY" Expression="entry/content/m:properties/d:CITY" Datatype="string"/>
                            <Param Source="ATTRIBUTE" Name="COUNTRY" Expression="entry/content/m:properties/d:COUNTRY" Datatype="string"/>
                            <Param Source="ATTRIBUTE" Name="REGION" Expression="entry/content/m:properties/d:REGION" Datatype="string"/>
                            <Param Source="ATTRIBUTE" Name="TELEPHONE" Expression="entry/content/m:properties/d:TELEPHONE" Datatype="string"/>
                            <Param Source="ATTRIBUTE" Name="URL" Expression="entry/content/m:properties/d:URL" Datatype="string"/>
                            <Param Source="ATTRIBUTE" Name="LANGU" Expression="entry/content/m:properties/d:LANGU" Datatype="string"/>
                            <Param Source="ATTRIBUTE" Name="CURRENCY" Expression="entry/content/m:properties/d:CURRENCY" Datatype="string"/>
                            <Param Source="ATTRIBUTE" Name="mimeType" Expression="entry/content/m:properties/d:mimeType" Datatype="string"/>
                        </Dataset>
                    </ServiceOutput>
                </Service>
                <Service Type="plainxmlserviceConnector" PasswordEncrypted="false" ID="SAPNW_CarrierCollection" Cacheduration="" Cacheable="false">
                    <ServiceConfig>
                        <ConfigParam Value="http://192.168.2.52:8010/sap/opu/odata/iwfnd/RMTSAMPLEFLIGHT/CarrierCollection" Name="endpointUrl"/>
                        <ConfigParam Value="KONYINDIA" Name="userid"/>
                        <ConfigParam Value="k0ny@dm1n" Name="pwd"/>
                        <ConfigParam Value="" Name="postprocessorname"/>
                        <ConfigParam Value="" Name="preprocessorname"/>
                        <ConfigParam Value="" Name="urlprovider"/>
                        <ConfigParam Value="" Name="dataprovider"/>
                        <ConfigParam Value="" Name="sockettimeout"/>
                        <ConfigParam Value="false" Name="ignorehttpproxy"/>
                        <ConfigParam Value="" Name="proxyname"/>
                        <ConfigParam Value="" Name="proxyport"/>
                        <ConfigParam Value="" Name="proxyusername"/>
                        <ConfigParam Value="" Name="proxypwd"/>
                        <ConfigParam Value="UTF-8" Name="responseEncoding"/>
                        <ConfigParam Value="false" Name="isembedxmlpresent"/>
                        <ConfigParam Value="basic" Name="server.auth.mode"/>
                        <ConfigParam Value="GET" Name="http.method"/>
                    </ServiceConfig>
                    <ServiceInput>
                        <Header/>
                        <TemplateParam Value="" Name=""/>
                    </ServiceInput>
                    <ServiceOutput>
                        <Dataset ID="root" Expression="//feed">
                            <Param Source="ATTRIBUTE" Name="updated" Expression="entry/updated" Datatype="string"/>
                            <Param Source="ATTRIBUTE" Name="carrid" Expression="entry/m:properties/d:carrid" Datatype="string"/>
                            <Param Source="ATTRIBUTE" Name="CARRNAME" Expression="entry/m:properties/d:CARRNAME" Datatype="string"/>
                            <Param Source="ATTRIBUTE" Name="CURRCODE" Expression="entry/m:properties/d:CURRCODE" Datatype="string"/>
                            <Param Source="ATTRIBUTE" Name="URL" Expression="entry/m:properties/d:URL" Datatype="string"/>
                            <Param Source="ATTRIBUTE" Name="mimeType" Expression="entry/m:properties/d:mimeType" Datatype="string"/>
                        </Dataset>
                    </ServiceOutput>
                </Service>
                <Service Type="plainxmlserviceConnector" PasswordEncrypted="false" ID="SAPNW_BookingCollection" Cacheduration="" Cacheable="false">
                    <ServiceConfig>
                        <ConfigParam Value="http://192.168.2.52:8010/sap/opu/odata/iwfnd/RMTSAMPLEFLIGHT/BookingCollection" Name="endpointUrl"/>
                        <ConfigParam Value="KONYINDIA" Name="userid"/>
                        <ConfigParam Value="k0ny@dm1n" Name="pwd"/>
                        <ConfigParam Value="" Name="postprocessorname"/>
                        <ConfigParam Value="" Name="preprocessorname"/>
                        <ConfigParam Value="" Name="urlprovider"/>
                        <ConfigParam Value="" Name="dataprovider"/>
                        <ConfigParam Value="" Name="sockettimeout"/>
                        <ConfigParam Value="false" Name="ignorehttpproxy"/>
                        <ConfigParam Value="" Name="proxyname"/>
                        <ConfigParam Value="" Name="proxyport"/>
                        <ConfigParam Value="" Name="proxyusername"/>
                        <ConfigParam Value="" Name="proxypwd"/>
                        <ConfigParam Value="UTF-8" Name="responseEncoding"/>
                        <ConfigParam Value="false" Name="isembedxmlpresent"/>
                        <ConfigParam Value="basic" Name="server.auth.mode"/>
                        <ConfigParam Value="POST" Name="http.method"/>
                    </ServiceConfig>
                    <ServiceInput>
                        <Header>
                            <Param Source="ATTRIBUTE" Name="DataServiceVersion" Datatype="string"/>
                            <Param Source="ATTRIBUTE" Name="X-Requested-With" Datatype="string"/>
                            <Param Source="ATTRIBUTE" Name="Content-Type" Datatype="string"/>
                        </Header>
                        <TemplateParam Value="" Name="">
                            <Param Source="ATTRIBUTE" Name="carrid" Datatype="string"/>
                            <Param Source="ATTRIBUTE" Name="connid" Datatype="string"/>
                            <Param Source="ATTRIBUTE" Name="fldate" Datatype="string"/>
                            <Param Source="ATTRIBUTE" Name="bookid" Datatype="string"/>
                            <Param Source="ATTRIBUTE" Name="CUSTOMID" Datatype="string"/>
                            <Param Source="ATTRIBUTE" Name="CUSTTYPE" Datatype="string"/>
                            <Param Source="ATTRIBUTE" Name="SMOKER" Datatype="string"/>
                            <Param Source="ATTRIBUTE" Name="WUNIT" Datatype="string"/>
                            <Param Source="ATTRIBUTE" Name="LUGGWEIGHT" Datatype="string"/>
                            <Param Source="ATTRIBUTE" Name="INVOICE" Datatype="string"/>
                            <Param Source="ATTRIBUTE" Name="CLASS" Datatype="string"/>
                            <Param Source="ATTRIBUTE" Name="FORCURAM" Datatype="string"/>
                            <Param Source="ATTRIBUTE" Name="FORCURKEY" Datatype="string"/>
                            <Param Source="ATTRIBUTE" Name="LOCCURAM" Datatype="string"/>
                            <Param Source="ATTRIBUTE" Name="LOCCURKEY" Datatype="string"/>
                            <Param Source="ATTRIBUTE" Name="COUNTER" Datatype="string"/>
                            <Param Source="ATTRIBUTE" Name="PASSNAME" Datatype="string"/>
                            <Param Source="ATTRIBUTE" Name="ORDER_DATE" Datatype="string"/>
                        </TemplateParam>
                    </ServiceInput>
                    <ServiceOutput/>
                </Service>
            </Services>
        </DataSource>
    </DataSources>
</SyncConfiguration>
