<?xml version="1.0" encoding="UTF-8" standalone="yes"?>
<SyncConfiguration UpdatedDateTime="5/4/2013 19:52:32" Version="860b4c5b6e43258c777136903a963f4aaff4c029402bd18ecc36a403ee6575a1" PersistentDBType="MSSQLSERVER" Name="testDef2DB" AppID="testDef2DB">
    <SyncInterceptors/>
    <SyncScopes>
        <SyncScope Strategy="OTASync" Name="test" Datasource="tet">
            <ChangeTrackingPolicy>
                <Type>datasource</Type>
                <ChangeTrackingColumnsSupported>
                    <LastUpdateTimeStamp>true</LastUpdateTimeStamp>
                    <SoftDeleteFlag>true</SoftDeleteFlag>
                </ChangeTrackingColumnsSupported>
            </ChangeTrackingPolicy>
            <ConflictPolicy>
                <Type>clientwins</Type>
            </ConflictPolicy>
            <SyncObject SourceSchema="dbo" SourceName="Categories" IntersectionTable="false" GlobalName="Categories" Generated="false">
                <SyncAttributes>
                    <Key>
                        <Attribute GlobalName="CategoryID"/>
                    </Key>
                    <SyncAttribute Type="integer" SourceName="CategoryID" Length="10" IsNullable="false" GlobalName="CategoryID" Autogenerated="false"/>
                    <SyncAttribute Type="string" SourceName="CategoryName" Length="15" IsNullable="false" GlobalName="CategoryName" Autogenerated="false"/>
                    <SyncAttribute Type="string" SourceName="Description" IsNullable="true" GlobalName="Description" Autogenerated="false"/>
                    <SyncAttribute Type="image" SourceName="Picture" IsNullable="true" GlobalName="Picture" Autogenerated="false"/>
                    <SyncAttribute Type="timestamp" SourceName="LastUpdateTime" Length="8" IsNullable="false" GlobalName="LastUpdateTime" Autogenerated="false"/>
                    <SyncAttribute Type="boolean" SourceName="SoftDeleteFlag" Length="1" IsNullable="true" GlobalName="SoftDeleteFlag" Autogenerated="false"/>
                    <SyncAttribute Type="string" SourceName="UpdateUserID" Length="100" IsNullable="true" GlobalName="UpdateUserID" Autogenerated="false"/>
                </SyncAttributes>
                <Relationships/>
                <FilterParameters>
                    <ClientFilterParameters/>
                    <ServerFilterParameters/>
                </FilterParameters>
                <UpdateTimeStampAttribute GlobalName="LastUpdateTime"/>
                <SoftDeleteFlagAttribute GlobalName="SoftDeleteFlag"/>
                <Operations/>
            </SyncObject>
        </SyncScope>
    </SyncScopes>
    <DataSources>
        <DataSource Type="database" ID="tet" Class="com.kony.sync.services.datasource.jdbc.JDBCDatasource">
            <Database Type="MSSQLSERVER" UserName="sa" Password="kony123!" Name="KonySyncSample" JndiORJdbcURL="jdbc:sqlserver://localhost:1433;databaseName=KonySyncSample" IsJNDIDataSource="false" DriverName="com.microsoft.sqlserver.jdbc.SQLServerDriver">
                <ConnectionProps/>
            </Database>
        </DataSource>
		<DataSource Type="database" ID="test2" Class="com.kony.sync.services.datasource.jdbc.JDBCDatasource">
            <Database Type="MSSQLSERVER" UserName="sa" Password="kony123!" Name="testdb" JndiORJdbcURL="jdbc:sqlserver://localhost:1433;databaseName=KonySyncSample" IsJNDIDataSource="false" DriverName="com.microsoft.sqlserver.jdbc.SQLServerDriver">
                <ConnectionProps/>
            </Database>
        </DataSource>
    </DataSources>
</SyncConfiguration>
