<?xml version="1.0" encoding="UTF-8"?>
<SyncConfiguration AppID="TestOTA1" Version="39db7099-363e-4c6e-898b-62fa7a235448" PersistentDBType="MSSQLSERVER" Name="KonySyncSample" UpdatedDateTime="02/13/2012 13:48:34">
<SyncInterceptors>
	<UploadInterceptors>
			<Interceptor ClassName="com.kony.sync.services.interceptor.impl.LoggingUploadInterceptor"/>
		</UploadInterceptors>
		<DownloadInterceptors>
			<Interceptor ClassName="com.kony.sync.services.interceptor.impl.LoggingDownloadInterceptor"/>
		</DownloadInterceptors>
		<MergeInterceptors>
			<Interceptor ClassName="com.kony.sync.services.interceptor.impl.LoggingMergeInterceptor"/>
		</MergeInterceptors>
		<ReplicaInterceptors>
			<Interceptor ClassName="com.kony.sync.services.interceptor.impl.LoggingReplicaInterceptor"/>
		</ReplicaInterceptors>
	</SyncInterceptors>
 <SyncScopes>
    <SyncScope Name="ProcOTASync" Datasource="KonySyncSample" Strategy="OTASync">
      <ChangeTrackingPolicy>
        <Type>datasource</Type>
        <ChangeTrackingColumnsSupported>
          <LastUpdateTimeStamp>true</LastUpdateTimeStamp>
          <SoftDeleteFlag>true</SoftDeleteFlag>
        </ChangeTrackingColumnsSupported>
      </ChangeTrackingPolicy>
      <ConflictPolicy>
        <Type>clientwins</Type>
        <ProvisioningColumnsSupported>
          <UpdateUserID>true</UpdateUserID>
        </ProvisioningColumnsSupported>
        <ConflictInterceptor ClassName="com.kony.sync.services.interceptor.impl.LoggingConflictInterceptor"/>
      </ConflictPolicy>
      <SyncObject SourceName="Categories" GlobalName="Categories" SourceSchema="dbo">
        <SyncAttributes>
          <Key>
            <Attribute GlobalName="CategoryID"/>
          </Key>
          <SyncAttribute SourceName="CategoryID" GlobalName="CategoryID" Type="int" IsNullable="false" Autogenerated="true"/>
          <SyncAttribute SourceName="CategoryName" GlobalName="CategoryName" Type="string" IsNullable="false" Autogenerated="false"/>
          <SyncAttribute SourceName="Description" GlobalName="Description" Type="string" IsNullable="true" Autogenerated="false"/>
          <SyncAttribute SourceName="LastUpdateTime" GlobalName="LastUpdateTime" Type="string" IsNullable="false" Autogenerated="false"/>
          <SyncAttribute SourceName="UpdateUserID" GlobalName="UpdateUserID" Type="string" IsNullable="false" Autogenerated="false"/>
          <SyncAttribute SourceName="SoftDeleteFlag" GlobalName="SoftDeleteFlag" Type="boolean" IsNullable="false" Autogenerated="false"/>
        </SyncAttributes>
        <Relationships>
          <OneToMany TargetObject="Products" TargetObjectAttribute="CategoryID" SourceObjectAttribute="CategoryID" Cascade="false"/>
        </Relationships>
        <FilterParameters>
          <ClientFilterParameters>
		   <FilterParameter Name="CategoryID" Value1=""  Condition="GT"/>
		  
          </ClientFilterParameters>
          <ServerFilterParameters>
            <!--<FilterParameter Name="@CategoryName" Value="" Condition=""/>-->
          </ServerFilterParameters>
        </FilterParameters>
        <UpdateTimeStampAttribute GlobalName="LastUpdateTime"/>
        <UpdateUserIDAttribute GlobalName="UpdateUserID"/>
        <SoftDeleteFlagAttribute GlobalName="SoftDeleteFlag"/>
      <Operations/>
</SyncObject>
      <SyncObject SourceName="Customers" GlobalName="Customers" SourceSchema="dbo">
        <SyncAttributes>
          <Key>
            <Attribute GlobalName="CustomerID"/>
          </Key>
          <SyncAttribute SourceName="CustomerID" GlobalName="CustomerID" Type="string" IsNullable="false" Autogenerated="false"/>
          <SyncAttribute SourceName="CompanyName" GlobalName="CompanyName" Type="string" IsNullable="false" Autogenerated="false"/>
          <SyncAttribute SourceName="ContactName" GlobalName="ContactName" Type="string" IsNullable="true" Autogenerated="false"/>
          <SyncAttribute SourceName="Phone" GlobalName="Phone" Type="string" IsNullable="true" Autogenerated="false"/>
          <SyncAttribute SourceName="LastUpdateTime" GlobalName="LastUpdateTime" Type="string" IsNullable="false" Autogenerated="false"/>
          <SyncAttribute SourceName="UpdateUserID" GlobalName="UpdateUserID" Type="string" IsNullable="false" Autogenerated="false"/>
          <SyncAttribute SourceName="SoftDeleteFlag" GlobalName="SoftDeleteFlag" Type="boolean" IsNullable="false" Autogenerated="false"/>
        </SyncAttributes>
        <Relationships>
          <OneToMany TargetObject="Orders" TargetObjectAttribute="CustomerID" SourceObjectAttribute="CustomerID" Cascade="true"/>
          <OneToMany TargetObject="CustomerCustomerDemo" TargetObjectAttribute="CustomerID" SourceObjectAttribute="CustomerID" Cascade="true"/>
        </Relationships>
        <FilterParameters>
          <ClientFilterParameters>
            <!--<FilterParameter Name="@CompanyName" Type="string" Condition="LIKE" Value="A%"-->
          </ClientFilterParameters>
          <ServerFilterParameters>
            <!--<FilterParameter Name="@CompanyName" Condition="" Value=""/>-->
          </ServerFilterParameters>
        </FilterParameters>
        <UpdateTimeStampAttribute GlobalName="LastUpdateTime"/>
        <UpdateUserIDAttribute GlobalName="UpdateUserID"/>
        <SoftDeleteFlagAttribute GlobalName="SoftDeleteFlag"/>
      <Operations/>
</SyncObject>
      <SyncObject SourceName="Shippers" GlobalName="Shippers" SourceSchema="dbo">
        <SyncAttributes>
          <Key>
            <Attribute GlobalName="ShipperID"/>
          </Key>
          <SyncAttribute SourceName="ShipperID" GlobalName="ShipperID" Type="int" IsNullable="false" Autogenerated="true"/>
          <SyncAttribute SourceName="CompanyName" GlobalName="CompanyName" Type="string" IsNullable="false" Autogenerated="false"/>
          <SyncAttribute SourceName="Phone" GlobalName="Phone" Type="string" IsNullable="true" Autogenerated="false"/>
          <SyncAttribute SourceName="LastUpdateTime" GlobalName="LastUpdateTime" Type="string" IsNullable="false" Autogenerated="false"/>
          <SyncAttribute SourceName="UpdateUserID" GlobalName="UpdateUserID" Type="string" IsNullable="false" Autogenerated="false"/>
          <SyncAttribute SourceName="SoftDeleteFlag" GlobalName="SoftDeleteFlag" Type="boolean" IsNullable="false" Autogenerated="false"/>
        </SyncAttributes>
        <Relationships>
          <OneToMany TargetObject="Orders" TargetObjectAttribute="ShipVia" SourceObjectAttribute="ShipperID" Cascade="false"/>
        </Relationships>
        <FilterParameters>
          <ClientFilterParameters>
            <!--<FilterParameter Name="@CompanyName" Value="" Condition=""/>-->
          </ClientFilterParameters>
          <ServerFilterParameters>
            <!--<FilterParameter Name="@CompanyName" Value="" Condition=""/>-->
          </ServerFilterParameters>
        </FilterParameters>
        <UpdateTimeStampAttribute GlobalName="LastUpdateTime"/>
        <UpdateUserIDAttribute GlobalName="UpdateUserID"/>
        <SoftDeleteFlagAttribute GlobalName="SoftDeleteFlag"/>
      <Operations/>
</SyncObject>
      <SyncObject SourceName="Suppliers" GlobalName="Suppliers" SourceSchema="dbo">
        <SyncAttributes>
          <Key>
            <Attribute GlobalName="SupplierID"/>
          </Key>
          <SyncAttribute SourceName="SupplierID" GlobalName="SupplierID" Type="int" IsNullable="false" Autogenerated="true"/>
          <SyncAttribute SourceName="CompanyName" GlobalName="CompanyName" Type="string" IsNullable="false" Autogenerated="false"/>
          <SyncAttribute SourceName="ContactName" GlobalName="ContactName" Type="string" IsNullable="true" Autogenerated="false"/>
          <SyncAttribute SourceName="Region" GlobalName="Region" Type="string" IsNullable="true" Autogenerated="false"/>
          <SyncAttribute SourceName="Country" GlobalName="Country" Type="string" IsNullable="true" Autogenerated="false"/>
          <SyncAttribute SourceName="LastUpdateTime" GlobalName="LastUpdateTime" Type="string" IsNullable="false" Autogenerated="false"/>
          <SyncAttribute SourceName="UpdateUserID" GlobalName="UpdateUserID" Type="string" IsNullable="false" Autogenerated="false"/>
          <SyncAttribute SourceName="SoftDeleteFlag" GlobalName="SoftDeleteFlag" Type="boolean" IsNullable="false" Autogenerated="false"/>
        </SyncAttributes>
        <Relationships>
          <OneToMany TargetObject="Products" TargetObjectAttribute="SupplierID" SourceObjectAttribute="SupplierID" Cascade="false"/>
        </Relationships>
        <FilterParameters>
          <ClientFilterParameters>
            <!--<FilterParameter Name="@CompanyName" Value="" Condition=""/>-->
          </ClientFilterParameters>
          <ServerFilterParameters>
            <!--<FilterParameter Name="@CompanyName" Value="" Condition=""/>-->
          </ServerFilterParameters>
        </FilterParameters>
        <UpdateTimeStampAttribute GlobalName="LastUpdateTime"/>
        <UpdateUserIDAttribute GlobalName="UpdateUserID"/>
        <SoftDeleteFlagAttribute GlobalName="SoftDeleteFlag"/>
      <Operations/>
</SyncObject>
      <SyncObject SourceName="Orders" GlobalName="Orders" SourceSchema="dbo">
        <SyncAttributes>
          <Key>
            <Attribute GlobalName="OrderID"/>
          </Key>
          <SyncAttribute SourceName="OrderID" GlobalName="OrderID" Type="int" IsNullable="false" Autogenerated="true"/>
          <SyncAttribute SourceName="CustomerID" GlobalName="CustomerID" Type="string" IsNullable="true" Autogenerated="false"/>
          <SyncAttribute SourceName="EmployeeID" GlobalName="EmployeeID" Type="int" IsNullable="true" Autogenerated="false"/>
          <SyncAttribute SourceName="OrderDate" GlobalName="OrderDate" Type="string" IsNullable="true" Autogenerated="false"/>
          <SyncAttribute SourceName="RequiredDate" GlobalName="RequiredDate" Type="string" IsNullable="true" Autogenerated="false"/>
          <SyncAttribute SourceName="ShippedDate" GlobalName="ShippedDate" Type="string" IsNullable="true" Autogenerated="false"/>
          <SyncAttribute SourceName="ShipVia" GlobalName="ShipVia" Type="int" IsNullable="true" Autogenerated="false"/>
          <SyncAttribute SourceName="Freight" GlobalName="Freight" Type="string" IsNullable="true" Autogenerated="false"/>
          <SyncAttribute SourceName="ShipName" GlobalName="ShipName" Type="string" IsNullable="true" Autogenerated="false"/>
          <SyncAttribute SourceName="ShipAddress" GlobalName="ShipAddress" Type="string" IsNullable="true" Autogenerated="false"/>
          <SyncAttribute SourceName="ShipCity" GlobalName="ShipCity" Type="string" IsNullable="true" Autogenerated="false"/>
          <SyncAttribute SourceName="ShipRegion" GlobalName="ShipRegion" Type="string" IsNullable="true" Autogenerated="false"/>
          <SyncAttribute SourceName="ShipPostalCode" GlobalName="ShipPostalCode" Type="string" IsNullable="true" Autogenerated="false"/>
          <SyncAttribute SourceName="ShipCountry" GlobalName="ShipCountry" Type="string" IsNullable="true" Autogenerated="false"/>
          <SyncAttribute SourceName="LastUpdateTime" GlobalName="LastUpdateTime" Type="string" IsNullable="false" Autogenerated="false"/>
          <SyncAttribute SourceName="UpdateUserID" GlobalName="UpdateUserID" Type="string" IsNullable="false" Autogenerated="false"/>
          <SyncAttribute SourceName="SoftDeleteFlag" GlobalName="SoftDeleteFlag" Type="boolean" IsNullable="false" Autogenerated="false"/>
        </SyncAttributes>
        <Relationships>
          <OneToMany TargetObject="OrderDetails" TargetObjectAttribute="OrderID" SourceObjectAttribute="OrderID" Cascade="true"/>
          <!--<ManyToOne TargetObject="Shippers" TargetObjectAttribute="ShipperID"  SourceObjectAttribute="ShipVia"  Cascade="false"-->
        </Relationships>
        <FilterParameters>
          <ClientFilterParameters>
            <!--<FilterParameter Name="@ShipCountry" Type="string" Condition="EQUALS" Value="Germany"-->
          </ClientFilterParameters>
            <ServerFilterParameters>
		       <!--For Server Side Filter -->
			 <FilterParameter Name="OrderID" Value1="11071" Value2="" Condition="GT"/>
          </ServerFilterParameters>
        </FilterParameters>
        <UpdateTimeStampAttribute GlobalName="LastUpdateTime"/>
        <UpdateUserIDAttribute GlobalName="UpdateUserID"/>
        <SoftDeleteFlagAttribute GlobalName="SoftDeleteFlag"/>
      <Operations/>
</SyncObject>
      <SyncObject SourceName="Products" GlobalName="Products" SourceSchema="dbo">
        <SyncAttributes>
          <Key>
            <Attribute GlobalName="ProductID"/>
          </Key>
          <SyncAttribute SourceName="ProductID" GlobalName="ProductID" Type="int" IsNullable="false" Autogenerated="true"/>
          <SyncAttribute SourceName="ProductName" GlobalName="ProductName" Type="string" IsNullable="false" Autogenerated="false"/>
          <SyncAttribute SourceName="SupplierID" GlobalName="SupplierID" Type="int" IsNullable="true" Autogenerated="false"/>
          <SyncAttribute SourceName="CategoryID" GlobalName="CategoryID" Type="int" IsNullable="true" Autogenerated="false"/>
		  <SyncAttribute SourceName="QuantityPerUnit" GlobalName="QuantityPerUnit" Type="string" IsNullable="true" Autogenerated="false"/>
          <SyncAttribute SourceName="UnitPrice" GlobalName="UnitPrice" Type="string" IsNullable="true" Autogenerated="false"/>
          <SyncAttribute SourceName="UnitsInStock" GlobalName="UnitsInStock" Type="short" IsNullable="true" Autogenerated="false"/>
          <SyncAttribute SourceName="UnitsOnOrder" GlobalName="UnitsOnOrder" Type="short" IsNullable="true" Autogenerated="false"/>
          <SyncAttribute SourceName="LastUpdateTime" GlobalName="LastUpdateTime" Type="string" IsNullable="false" Autogenerated="false"/>
          <SyncAttribute SourceName="UpdateUserID" GlobalName="UpdateUserID" Type="string" IsNullable="false" Autogenerated="false"/>
          <SyncAttribute SourceName="SoftDeleteFlag" GlobalName="SoftDeleteFlag" Type="boolean" IsNullable="false" Autogenerated="false"/>
        </SyncAttributes>
        <Relationships>
          <OneToMany TargetObject="OrderDetails" TargetObjectAttribute="ProductID" SourceObjectAttribute="ProductID" Cascade="false"/>
          <!--<ManyToOne TargetObject="Suppliers" TargetObjectAttribute="SupplierID" SourceObjectAttribute="SupplierID" Cascade="false"-->
        </Relationships>
        <FilterParameters>
          <ClientFilterParameters>
            <!--<FilterParameter Name="@ProductName" Value="" Condition=""/>-->
          </ClientFilterParameters>
          <ServerFilterParameters>
            <!--<FilterParameter Name="@ProductName" Value="" Condition=""/>-->
          </ServerFilterParameters>
        </FilterParameters>
        <UpdateTimeStampAttribute GlobalName="LastUpdateTime"/>
        <UpdateUserIDAttribute GlobalName="UpdateUserID"/>
        <SoftDeleteFlagAttribute GlobalName="SoftDeleteFlag"/>
      <Operations/>
</SyncObject>
      <SyncObject SourceName="OrderDetails" GlobalName="OrderDetails" SourceSchema="dbo">
        <SyncAttributes>
          <Key>
            <Attribute GlobalName="OrderID"/>
            <Attribute GlobalName="ProductID"/>
          </Key>
          <SyncAttribute SourceName="OrderID" GlobalName="OrderID" Type="int" IsNullable="false" Autogenerated="false"/>
          <SyncAttribute SourceName="ProductID" GlobalName="ProductID" Type="int" IsNullable="false" Autogenerated="false"/>
          <SyncAttribute SourceName="UnitPrice" GlobalName="UnitPrice" Type="string" IsNullable="false" Autogenerated="false"/>
          <SyncAttribute SourceName="Quantity" GlobalName="Quantity" Type="short" IsNullable="false" Autogenerated="false"/>
          <SyncAttribute SourceName="Discount" GlobalName="Discount" Type="string" IsNullable="false" Autogenerated="false"/>
          <SyncAttribute SourceName="LastUpdateTime" GlobalName="LastUpdateTime" Type="string" IsNullable="false" Autogenerated="false"/>
          <SyncAttribute SourceName="UpdateUserID" GlobalName="UpdateUserID" Type="string" IsNullable="false" Autogenerated="false"/>
          <SyncAttribute SourceName="SoftDeleteFlag" GlobalName="SoftDeleteFlag" Type="boolean" IsNullable="false" Autogenerated="false"/>
        </SyncAttributes>
        <Relationships>
          <!--<ManyToOne TargetObject="Products" TargetObjectAttribute="ProductID" SourceObjectAttribute="ProductID" Cascade="false"-->
        </Relationships>
        <FilterParameters>
          <ClientFilterParameters>
            <!--<FilterParameter Name="@OrderID" Type="int" Condition="EQUALS"-->
          </ClientFilterParameters>
          <ServerFilterParameters>
            <!--<FilterParameter Name="@OrderID" Value="" Condition=""/>-->
          </ServerFilterParameters>
        </FilterParameters>
        <UpdateTimeStampAttribute GlobalName="LastUpdateTime"/>
        <UpdateUserIDAttribute GlobalName="UpdateUserID"/>
        <SoftDeleteFlagAttribute GlobalName="SoftDeleteFlag"/>
      <Operations/>
</SyncObject>
      <SyncObject SourceName="CustomerDemographics" GlobalName="CustomerDemographics" SourceSchema="dbo">
        <SyncAttributes>
          <Key>
            <Attribute GlobalName="CustomerTypeID"/>
          </Key>
          <SyncAttribute SourceName="CustomerTypeID" GlobalName="CustomerTypeID" Type="string" IsNullable="false" Autogenerated="false"/>
          <SyncAttribute SourceName="CustomerDesc" GlobalName="CustomerDesc" Type="string" IsNullable="true" Autogenerated="false"/>
          <SyncAttribute SourceName="LastUpdateTime" GlobalName="LastUpdateTime" Type="string" IsNullable="false" Autogenerated="false"/>
          <SyncAttribute SourceName="UpdateUserID" GlobalName="UpdateUserID" Type="string" IsNullable="false" Autogenerated="false"/>
          <SyncAttribute SourceName="SoftDeleteFlag" GlobalName="SoftDeleteFlag" Type="boolean" IsNullable="false" Autogenerated="false"/>
        </SyncAttributes>
        <Relationships>
          <OneToMany TargetObject="CustomerCustomerDemo" TargetObjectAttribute="CustomerTypeID" SourceObjectAttribute="CustomerTypeID" Cascade="true"/>
        </Relationships>
        <FilterParameters>
          <ClientFilterParameters>
            <!--<FilterParameter Name="@CustomerTypeID" Value="" Condition=""/>-->
          </ClientFilterParameters>
          <ServerFilterParameters>
            <!--<FilterParameter Name="@CustomerTypeID" Value="" Condition=""/>-->
          </ServerFilterParameters>
        </FilterParameters>
        <UpdateTimeStampAttribute GlobalName="LastUpdateTime"/>
        <UpdateUserIDAttribute GlobalName="UpdateUserID"/>
        <SoftDeleteFlagAttribute GlobalName="SoftDeleteFlag"/>
      <Operations/>
</SyncObject>
      <SyncObject SourceName="CustomerCustomerDemo" GlobalName="CustomerCustomerDemo" SourceSchema="dbo">
        <SyncAttributes>
          <Key>
            <Attribute GlobalName="CustomerID"/>
            <Attribute GlobalName="CustomerTypeID"/>
          </Key>
          <SyncAttribute SourceName="CustomerID" GlobalName="CustomerID" Type="string" IsNullable="false" Autogenerated="false"/>
          <SyncAttribute SourceName="CustomerTypeID" GlobalName="CustomerTypeID" Type="string" IsNullable="false" Autogenerated="false"/>
          <SyncAttribute SourceName="LastUpdateTime" GlobalName="LastUpdateTime" Type="string" IsNullable="false" Autogenerated="false"/>
          <SyncAttribute SourceName="UpdateUserID" GlobalName="UpdateUserID" Type="string" IsNullable="false" Autogenerated="false"/>
          <SyncAttribute SourceName="SoftDeleteFlag" GlobalName="SoftDeleteFlag" Type="boolean" IsNullable="false" Autogenerated="false"/>
        </SyncAttributes>
        <Relationships>
          <OneToOne TargetObject="Customers" TargetObjectAttribute="CustomerID" SourceObjectAttribute="CustomerID" Cascade="true"/>
        </Relationships>
        <FilterParameters>
          <ClientFilterParameters>
            <!--<FilterParameter Name="@CustomerTypeID" Value="" Condition=""/>-->
          </ClientFilterParameters>
          <ServerFilterParameters>
            <!--<FilterParameter Name="@CustomerTypeID" Value="" Condition=""/>-->
          </ServerFilterParameters>
        </FilterParameters>
        <UpdateTimeStampAttribute GlobalName="LastUpdateTime"/>
        <UpdateUserIDAttribute GlobalName="UpdateUserID"/>
        <SoftDeleteFlagAttribute GlobalName="SoftDeleteFlag"/>
      <Operations/>
</SyncObject>
      <SyncObject SourceName="Region" GlobalName="Region" SourceSchema="dbo">
        <SyncAttributes>
          <Key>
            <Attribute GlobalName="RegionID"/>
          </Key>
          <SyncAttribute SourceName="RegionID" GlobalName="RegionID" Type="int" IsNullable="false" Autogenerated="false"/>
          <SyncAttribute SourceName="RegionDescription" GlobalName="RgDsc" Type="string" IsNullable="true" Autogenerated="false"/>
          <SyncAttribute SourceName="LastUpdateTime" GlobalName="LastUpdateTime" Type="string" IsNullable="false" Autogenerated="false"/>
          <SyncAttribute SourceName="UpdateUserID" GlobalName="UpdateUserID" Type="string" IsNullable="false" Autogenerated="false"/>
          <SyncAttribute SourceName="SoftDeleteFlag" GlobalName="SoftDeleteFlag" Type="boolean" IsNullable="false" Autogenerated="false"/>
        </SyncAttributes>
        <Relationships>
          <OneToMany TargetObject="Territories" TargetObjectAttribute="RegionID" SourceObjectAttribute="RegionID" Cascade="true"/>
        </Relationships>
        <FilterParameters>
          <ClientFilterParameters>
            <!--<FilterParameter Name="@RegionID" Type="int" Condition=""-->
          </ClientFilterParameters>
          <ServerFilterParameters>
            <!--<FilterParameter Name="@RegionID" Value="" Condition=""/>-->
          </ServerFilterParameters>
        </FilterParameters>
        <UpdateTimeStampAttribute GlobalName="LastUpdateTime"/>
        <UpdateUserIDAttribute GlobalName="UpdateUserID"/>
        <SoftDeleteFlagAttribute GlobalName="SoftDeleteFlag"/>
      <Operations/>
</SyncObject>
      <SyncObject SourceName="Territories" GlobalName="Territories" SourceSchema="dbo">
        <SyncAttributes>
          <Key>
            <Attribute GlobalName="TerritoryID"/>
          </Key>
          <SyncAttribute SourceName="TerritoryID" GlobalName="TerritoryID" Type="string" IsNullable="false" Autogenerated="false"/>
          <SyncAttribute SourceName="TerritoryDescription" GlobalName="TrDesc" Type="string" IsNullable="false" Autogenerated="false"/>
          <SyncAttribute SourceName="RegionID" GlobalName="RegionID" Type="int" IsNullable="false" Autogenerated="false"/>
          <SyncAttribute SourceName="LastUpdateTime" GlobalName="LastUpdateTime" Type="string" IsNullable="false" Autogenerated="false"/>
          <SyncAttribute SourceName="UpdateUserID" GlobalName="UpdateUserID" Type="string" IsNullable="false" Autogenerated="false"/>
          <SyncAttribute SourceName="SoftDeleteFlag" GlobalName="SoftDeleteFlag" Type="boolean" IsNullable="false" Autogenerated="false"/>
        </SyncAttributes>
        <Relationships>
          <OneToMany TargetObject="EmployeeTerritories" TargetObjectAttribute="TerritoryID" SourceObjectAttribute="TerritoryID" Cascade="false"/>
        </Relationships>
        <FilterParameters>
          <ClientFilterParameters>
            <!--<FilterParameter Name="@TerritoryID" Value="" Condition=""/>-->
          </ClientFilterParameters>
          <ServerFilterParameters>
            <!--<FilterParameter Name="@TerritoryID" Value="" Condition=""/>-->
          </ServerFilterParameters>
        </FilterParameters>
        <UpdateTimeStampAttribute GlobalName="LastUpdateTime"/>
        <UpdateUserIDAttribute GlobalName="UpdateUserID"/>
        <SoftDeleteFlagAttribute GlobalName="SoftDeleteFlag"/>
      <Operations/>
</SyncObject>
      <SyncObject SourceName="EmployeeTerritories" GlobalName="EmployeeTerritories" SourceSchema="dbo">
        <SyncAttributes>
          <Key>
            <Attribute GlobalName="EmployeeID"/>
            <Attribute GlobalName="TerritoryID"/>
          </Key>
          <SyncAttribute SourceName="EmployeeID" GlobalName="EmployeeID" Type="int" IsNullable="false" Autogenerated="false"/>
          <SyncAttribute SourceName="TerritoryID" GlobalName="TerritoryID" Type="string" IsNullable="false" Autogenerated="false"/>
          <SyncAttribute SourceName="LastUpdateTime" GlobalName="LastUpdateTime" Type="string" IsNullable="false" Autogenerated="false"/>
          <SyncAttribute SourceName="UpdateUserID" GlobalName="UpdateUserID" Type="string" IsNullable="false" Autogenerated="false"/>
          <SyncAttribute SourceName="SoftDeleteFlag" GlobalName="SoftDeleteFlag" Type="boolean" IsNullable="false" Autogenerated="false"/>
        </SyncAttributes>
        <Relationships>
          <!--<ManyToOne TargetObject="Employees" TargetObjectAttribute="EmployeeID" SourceObjectAttribute="EmployeeID" Cascade="false"-->
        </Relationships>
        <FilterParameters>
          <ClientFilterParameters>
            <!--<FilterParameter Name="@TerritoryID" Value="" Condition=""/>-->
          </ClientFilterParameters>
          <ServerFilterParameters>
            <!--<FilterParameter Name="@TerritoryID" Value="" Condition=""/>-->
          </ServerFilterParameters>
        </FilterParameters>
        <UpdateTimeStampAttribute GlobalName="LastUpdateTime"/>
        <UpdateUserIDAttribute GlobalName="UpdateUserID"/>
        <SoftDeleteFlagAttribute GlobalName="SoftDeleteFlag"/>
      <Operations/>
</SyncObject>
      <SyncObject SourceName="Employees" GlobalName="Employees" SourceSchema="dbo">
        <SyncAttributes>
          <Key>
            <Attribute GlobalName="EmployeeID"/>
          </Key>
          <SyncAttribute SourceName="EmployeeID" GlobalName="EmployeeID" Type="int" IsNullable="false" Autogenerated="true"/>
          <SyncAttribute SourceName="LastName" GlobalName="LastName" Type="string" IsNullable="true" Autogenerated="false"/>
          <SyncAttribute SourceName="FirstName" GlobalName="FirstName" Type="string" IsNullable="true" Autogenerated="false"/>
          <SyncAttribute SourceName="Extension" GlobalName="Extension" Type="string" IsNullable="true" Autogenerated="false"/>
          <SyncAttribute SourceName="LastUpdateTime" GlobalName="LastUpdateTime" Type="string" IsNullable="false" Autogenerated="false"/>
          <SyncAttribute SourceName="UpdateUserID" GlobalName="UpdateUserID" Type="string" IsNullable="false" Autogenerated="false"/>
          <SyncAttribute SourceName="SoftDeleteFlag" GlobalName="SoftDeleteFlag" Type="boolean" IsNullable="false" Autogenerated="false"/>
        </SyncAttributes>
        <Relationships>
          <OneToMany TargetObject="Orders" TargetObjectAttribute="EmployeeID" SourceObjectAttribute="EmployeeID" Cascade="true"/>
          <OneToMany TargetObject="EmployeeTerritories" TargetObjectAttribute="EmployeeID" SourceObjectAttribute="EmployeeID" Cascade="true"/>
        </Relationships>
        <FilterParameters>
          <ClientFilterParameters>
            <!--<FilterParameter Name="@FirstName" Type="string" Condition="LIKE" Value="A%"-->
          </ClientFilterParameters>
          <ServerFilterParameters>
            <!--<FilterParameter Name="@FirstName" Value="" Condition=""/>-->
          </ServerFilterParameters>
        </FilterParameters>
        <UpdateTimeStampAttribute GlobalName="LastUpdateTime"/>
        <UpdateUserIDAttribute GlobalName="UpdateUserID"/>
        <SoftDeleteFlagAttribute GlobalName="SoftDeleteFlag"/>
      <Operations/>
</SyncObject>
    </SyncScope>
  </SyncScopes>
  <DataSources>
    <DataSource ID="KonySyncSample" Type="database" Class="com.kony.sync.services.datasource.jdbc.JDBCDatasource">
      <Database Name="KonySyncSampleConfig" Type="MSSQLSERVER" IsJNDIDataSource="false" JndiORJdbcURL="jdbc:sqlserver://localhost:1433;databaseName=KonySyncSample;user=sa;password=kony123!" DriverName="com.microsoft.sqlserver.jdbc.SQLServerDriver"/>
    </DataSource>
  </DataSources>
</SyncConfiguration>
