<?xml version="1.0" encoding="UTF-8"?>
<SyncConfiguration AppID="TMsSql2" Version="8e9ae8138ff74bee75b543f184245ce3e84a005dfa9c79c59496ef15d9de4347" Name="TMsSql2" Namespace="com.kony" PersistentDBType="MSSQLSERVER" UpdatedDateTime="4/9/2013 13:30:33">
    <SyncInterceptors/>
    <SyncScopes>
        <SyncScope Datasource="MSSQL" Name="SyncScopeName" Namespace="SyncScopeName" Strategy="PersistentSync">
            <ChangeTrackingPolicy>
                <Type>datasource</Type>
                <ChangeTrackingColumnsSupported>
                    <LastUpdateTimeStamp>true</LastUpdateTimeStamp>
                    <SoftDeleteFlag>true</SoftDeleteFlag>
                </ChangeTrackingColumnsSupported>
            </ChangeTrackingPolicy>
            <ConflictPolicy>
                <Type>serverwins</Type>
            </ConflictPolicy>
            <SyncObject Generated="false" GlobalName="Categories" IntersectionTable="false" SourceName="Categories" SourceSchema="dbo">
                <SyncAttributes>
                    <Key>
                        <Attribute GlobalName="CategoryID"/>
                    </Key>
                    <SyncAttribute Autogenerated="true" GlobalName="CategoryID" IsNullable="false" Length="10" SourceName="CategoryID" Type="integer"/>
                    <SyncAttribute Autogenerated="false" GlobalName="CategoryName" IsNullable="false" Length="15" SourceName="CategoryName" Type="string"/>
                    <SyncAttribute Autogenerated="false" GlobalName="Description" IsNullable="true" SourceName="Description" Type="string"/>
                    <SyncAttribute Autogenerated="false" GlobalName="LastUpdateTime" IsNullable="false" Length="8" SourceName="LastUpdateTime" Type="timestamp"/>
                    <SyncAttribute Autogenerated="false" GlobalName="SoftDeleteFlag" IsNullable="true" Length="1" SourceName="SoftDeleteFlag" Type="boolean"/>
                </SyncAttributes>
                <Relationships>
                    <OneToMany Cascade="false" SourceObjectAttribute="CategoryID" TargetObject="Categories" TargetObjectAttribute="CategoryID"/>
                </Relationships>
                <FilterParameters>
                    <ClientFilterParameters/>
                    <ServerFilterParameters/>
                </FilterParameters>
                <UpdateTimeStampAttribute GlobalName="LastUpdateTime"/>
                <SoftDeleteFlagAttribute GlobalName="SoftDeleteFlag"/>
                <Operations/>
            </SyncObject>
            <SyncObject Generated="false" GlobalName="Products" IntersectionTable="false" SourceName="Products" SourceSchema="dbo">
                <SyncAttributes>
                    <Key>
                        <Attribute GlobalName="ProductID"/>
                    </Key>
                    <SyncAttribute Autogenerated="true" GlobalName="ProductID" IsNullable="false" Length="10" SourceName="ProductID" Type="integer"/>
                    <SyncAttribute Autogenerated="false" GlobalName="ProductName" IsNullable="false" Length="40" SourceName="ProductName" Type="string"/>
                    <SyncAttribute Autogenerated="false" GlobalName="SupplierID" IsNullable="true" Length="10" SourceName="SupplierID" Type="integer"/>
                    <SyncAttribute Autogenerated="false" GlobalName="CategoryID" IsNullable="true" Length="10" SourceName="CategoryID" Type="integer"/>
                    <SyncAttribute Autogenerated="false" GlobalName="QuantityPerUnit" IsNullable="true" Length="20" SourceName="QuantityPerUnit" Type="string"/>
                    <SyncAttribute Autogenerated="false" GlobalName="UnitPrice" IsNullable="true" Length="19" SourceName="UnitPrice" Type="string"/>
                    <SyncAttribute Autogenerated="false" GlobalName="UnitsInStock" IsNullable="true" Length="5" SourceName="UnitsInStock" Type="short"/>
                    <SyncAttribute Autogenerated="false" GlobalName="UnitsOnOrder" IsNullable="true" Length="5" SourceName="UnitsOnOrder" Type="short"/>
                    <SyncAttribute Autogenerated="false" GlobalName="ReorderLevel" IsNullable="true" Length="5" SourceName="ReorderLevel" Type="short"/>
                    <SyncAttribute Autogenerated="false" GlobalName="Discontinued" IsNullable="false" Length="1" SourceName="Discontinued" Type="boolean"/>
                    <SyncAttribute Autogenerated="false" GlobalName="LastUpdateTime" IsNullable="false" Length="8" SourceName="LastUpdateTime" Type="timestamp"/>
                    <SyncAttribute Autogenerated="false" GlobalName="SoftDeleteFlag" IsNullable="true" Length="1" SourceName="SoftDeleteFlag" Type="boolean"/>
                </SyncAttributes>
                <Relationships/>
                <FilterParameters>
                    <ClientFilterParameters/>
                    <ServerFilterParameters/>
                </FilterParameters>
                <UpdateTimeStampAttribute GlobalName="LastUpdateTime"/>
                <SoftDeleteFlagAttribute GlobalName="SoftDeleteFlag"/>
                <Operations/>
            </SyncObject>
        </SyncScope>
    </SyncScopes>
    <DataSources>
        <DataSource Class="com.kony.sync.services.datasource.jdbc.JDBCDatasource" ID="MSSQL" Type="database">
            <Database DriverName="com.microsoft.sqlserver.jdbc.SQLServerDriver" IsJNDIDataSource="false" JndiORJdbcURL="jdbc:sqlserver://localhost:1433;databaseName=konysyncsample" Name="MSSql" Password="kony123!" Type="MSSQLSERVER" UserName="sa">
                <ConnectionProps/>
            </Database>
        </DataSource>
    </DataSources>
</SyncConfiguration>
