<?xml version="1.0" encoding="UTF-8"?>
<SyncConfiguration AppID="PRV" Version="5b612ed13ec4a884713635ecabe4def2fda80f7001f1fd97fe42fc37b22ec4d5" Name="KonySyncSample" PersistentDBType="MYSQL" UpdatedDateTime="24/4/2013 15:28:13">
    <SyncInterceptors/>
    <SyncScopes>
        <SyncScope Datasource="KonySyncSample" Name="PerProvKonySyncSample" Strategy="PersistentSync">
            <ChangeTrackingPolicy>
                <Type>datasource</Type>
                <ChangeTrackingColumnsSupported>
                    <LastUpdateTimeStamp>true</LastUpdateTimeStamp>
                    <SoftDeleteFlag>true</SoftDeleteFlag>
                </ChangeTrackingColumnsSupported>
            </ChangeTrackingPolicy>
            <ConflictPolicy>
                <Type>serverwins</Type>
                <ProvisioningColumnsSupported>
                    <UpdateUserID>true</UpdateUserID>
                </ProvisioningColumnsSupported>
            </ConflictPolicy>
            <SyncObject GlobalName="Categories" SourceName="Categories" SourceSchema="KonySyncSample">
                <SyncAttributes>
                    <Key>
                        <Attribute GlobalName="CategoryID"/>
                    </Key>
                    <SyncAttribute Autogenerated="true" GlobalName="CategoryID" IsNullable="false" SourceName="CategoryID" Type="int"/>
                    <SyncAttribute Autogenerated="false" GlobalName="CategoryName" IsNullable="false" SourceName="CategoryName" Type="string"/>
                    <SyncAttribute Autogenerated="false" GlobalName="Description" IsNullable="true" SourceName="Description" Type="string"/>
                    <SyncAttribute Autogenerated="false" GlobalName="LastUpdateTime" IsNullable="false" SourceName="LastUpdateTime" Type="timestamp"/>
                    <SyncAttribute Autogenerated="false" GlobalName="UpdateUserID" IsNullable="false" SourceName="UpdateUserID" Type="string"/>
                    <SyncAttribute Autogenerated="false" GlobalName="SoftDeleteFlag" IsNullable="false" SourceName="SoftDeleteFlag" Type="boolean"/>
                </SyncAttributes>
                <Relationships>
                    <OneToMany Cascade="false" SourceObjectAttribute="CategoryID" TargetObject="Products" TargetObjectAttribute="CategoryID"/>
                </Relationships>
                <FilterParameters>
                    <ClientFilterParameters>
                      <!--  <FilterParameter Condition="EXPRESSION" Name="ExpressionFilters" Value1="CategoryID > ($CategoryID)"/> -->
                    </ClientFilterParameters>
                    <ServerFilterParameters/>
                </FilterParameters>
                <UpdateTimeStampAttribute GlobalName="LastUpdateTime"/>
                <UpdateUserIDAttribute GlobalName="UpdateUserID"/>
                <SoftDeleteFlagAttribute GlobalName="SoftDeleteFlag"/>
                <Operations/>
            </SyncObject>
            <SyncObject GlobalName="Customers" SourceName="Customers" SourceSchema="KonySyncSample">
                <SyncAttributes>
                    <Key>
                        <Attribute GlobalName="CustomerID"/>
                    </Key>
                    <SyncAttribute Autogenerated="false" GlobalName="CustomerID" IsNullable="false" SourceName="CustomerID" Type="string"/>
                    <SyncAttribute Autogenerated="false" GlobalName="CompanyName" IsNullable="false" SourceName="CompanyName" Type="string"/>
                    <SyncAttribute Autogenerated="false" GlobalName="ContactName" IsNullable="true" SourceName="ContactName" Type="string"/>
                    <SyncAttribute Autogenerated="false" GlobalName="Phone" IsNullable="true" SourceName="Phone" Type="string"/>
                    <SyncAttribute Autogenerated="false" GlobalName="Country" IsNullable="true" SourceName="Country" Type="string"/>
                    <SyncAttribute Autogenerated="false" GlobalName="LastUpdateTime" IsNullable="false" SourceName="LastUpdateTime" Type="timestamp"/>
                    <SyncAttribute Autogenerated="false" GlobalName="UpdateUserID" IsNullable="false" SourceName="UpdateUserID" Type="string"/>
                    <SyncAttribute Autogenerated="false" GlobalName="SoftDeleteFlag" IsNullable="false" SourceName="SoftDeleteFlag" Type="boolean"/>
                </SyncAttributes>
                <Relationships>
                    <OneToMany Cascade="true" SourceObjectAttribute="CustomerID" TargetObject="Orders" TargetObjectAttribute="CustomerID"/>
                    <OneToMany Cascade="true" SourceObjectAttribute="CustomerID" TargetObject="CustomerCustomerDemo" TargetObjectAttribute="CustomerID"/>
                </Relationships>
                <FilterParameters>
                    <ClientFilterParameters/>
                    <ServerFilterParameters/>
                </FilterParameters>
                <UpdateTimeStampAttribute GlobalName="LastUpdateTime"/>
                <UpdateUserIDAttribute GlobalName="UpdateUserID"/>
                <SoftDeleteFlagAttribute GlobalName="SoftDeleteFlag"/>
                <Operations/>
            </SyncObject>
            <SyncObject GlobalName="Shippers" SourceName="Shippers" SourceSchema="KonySyncSample">
                <SyncAttributes>
                    <Key>
                        <Attribute GlobalName="ShipperID"/>
                    </Key>
                    <SyncAttribute Autogenerated="true" GlobalName="ShipperID" IsNullable="false" SourceName="ShipperID" Type="int"/>
                    <SyncAttribute Autogenerated="false" GlobalName="CompanyName" IsNullable="false" SourceName="CompanyName" Type="string"/>
                    <SyncAttribute Autogenerated="false" GlobalName="Phone" IsNullable="true" SourceName="Phone" Type="string"/>
                    <SyncAttribute Autogenerated="false" GlobalName="LastUpdateTime" IsNullable="false" SourceName="LastUpdateTime" Type="timestamp"/>
                    <SyncAttribute Autogenerated="false" GlobalName="UpdateUserID" IsNullable="false" SourceName="UpdateUserID" Type="string"/>
                    <SyncAttribute Autogenerated="false" GlobalName="SoftDeleteFlag" IsNullable="false" SourceName="SoftDeleteFlag" Type="boolean"/>
                </SyncAttributes>
                <Relationships>
                    <OneToMany Cascade="true" SourceObjectAttribute="ShipperID" TargetObject="Orders" TargetObjectAttribute="ShipVia"/>
                </Relationships>
                <FilterParameters>
                    <ClientFilterParameters/>
                    <ServerFilterParameters/>
                </FilterParameters>
                <UpdateTimeStampAttribute GlobalName="LastUpdateTime"/>
                <UpdateUserIDAttribute GlobalName="UpdateUserID"/>
                <SoftDeleteFlagAttribute GlobalName="SoftDeleteFlag"/>
                <Operations/>
            </SyncObject>
            <SyncObject GlobalName="Suppliers" SourceName="Suppliers" SourceSchema="KonySyncSample">
                <SyncAttributes>
                    <Key>
                        <Attribute GlobalName="SupplierID"/>
                    </Key>
                    <SyncAttribute Autogenerated="true" GlobalName="SupplierID" IsNullable="false" SourceName="SupplierID" Type="int"/>
                    <SyncAttribute Autogenerated="false" GlobalName="CompanyName" IsNullable="false" SourceName="CompanyName" Type="string"/>
                    <SyncAttribute Autogenerated="false" GlobalName="ContactName" IsNullable="true" SourceName="ContactName" Type="string"/>
                    <SyncAttribute Autogenerated="false" GlobalName="Region" IsNullable="true" SourceName="Region" Type="string"/>
                    <SyncAttribute Autogenerated="false" GlobalName="Country" IsNullable="true" SourceName="Country" Type="string"/>
                    <SyncAttribute Autogenerated="false" GlobalName="LastUpdateTime" IsNullable="false" SourceName="LastUpdateTime" Type="timestamp"/>
                    <SyncAttribute Autogenerated="false" GlobalName="UpdateUserID" IsNullable="false" SourceName="UpdateUserID" Type="string"/>
                    <SyncAttribute Autogenerated="false" GlobalName="SoftDeleteFlag" IsNullable="false" SourceName="SoftDeleteFlag" Type="boolean"/>
                </SyncAttributes>
                <Relationships>
                    <OneToMany Cascade="false" SourceObjectAttribute="SupplierID" TargetObject="Products" TargetObjectAttribute="SupplierID"/>
                </Relationships>
                <FilterParameters>
                    <ClientFilterParameters/>
                    <ServerFilterParameters/>
                </FilterParameters>
                <UpdateTimeStampAttribute GlobalName="LastUpdateTime"/>
                <UpdateUserIDAttribute GlobalName="UpdateUserID"/>
                <SoftDeleteFlagAttribute GlobalName="SoftDeleteFlag"/>
                <Operations/>
            </SyncObject>
            <SyncObject GlobalName="Orders" SourceName="Orders" SourceSchema="KonySyncSample">
                <SyncAttributes>
                    <Key>
                        <Attribute GlobalName="OrderID"/>
                    </Key>
                    <SyncAttribute Autogenerated="true" GlobalName="OrderID" IsNullable="false" SourceName="OrderID" Type="int"/>
                    <SyncAttribute Autogenerated="false" GlobalName="CustomerID" IsNullable="true" SourceName="CustomerID" Type="string"/>
                    <SyncAttribute Autogenerated="false" GlobalName="EmployeeID" IsNullable="true" SourceName="EmployeeID" Type="int"/>
                    <SyncAttribute Autogenerated="false" GlobalName="OrderDate" IsNullable="true" SourceName="OrderDate" Type="string"/>
                    <SyncAttribute Autogenerated="false" GlobalName="RequiredDate" IsNullable="true" SourceName="RequiredDate" Type="string"/>
                    <SyncAttribute Autogenerated="false" GlobalName="ShippedDate" IsNullable="true" SourceName="ShippedDate" Type="string"/>
                    <SyncAttribute Autogenerated="false" GlobalName="ShipVia" IsNullable="true" SourceName="ShipVia" Type="int"/>
                    <SyncAttribute Autogenerated="false" GlobalName="Freight" IsNullable="true" SourceName="Freight" Type="string"/>
                    <SyncAttribute Autogenerated="false" GlobalName="ShipName" IsNullable="true" SourceName="ShipName" Type="string"/>
                    <SyncAttribute Autogenerated="false" GlobalName="ShipAddress" IsNullable="true" SourceName="ShipAddress" Type="string"/>
                    <SyncAttribute Autogenerated="false" GlobalName="ShipCity" IsNullable="true" SourceName="ShipCity" Type="string"/>
                    <SyncAttribute Autogenerated="false" GlobalName="ShipRegion" IsNullable="true" SourceName="ShipRegion" Type="string"/>
                    <SyncAttribute Autogenerated="false" GlobalName="ShipPostalCode" IsNullable="true" SourceName="ShipPostalCode" Type="string"/>
                    <SyncAttribute Autogenerated="false" GlobalName="ShipCountry" IsNullable="true" SourceName="ShipCountry" Type="string"/>
                    <SyncAttribute Autogenerated="false" GlobalName="LastUpdateTime" IsNullable="false" SourceName="LastUpdateTime" Type="timestamp"/>
                    <SyncAttribute Autogenerated="false" GlobalName="UpdateUserID" IsNullable="false" SourceName="UpdateUserID" Type="string"/>
                    <SyncAttribute Autogenerated="false" GlobalName="SoftDeleteFlag" IsNullable="false" SourceName="SoftDeleteFlag" Type="boolean"/>
                </SyncAttributes>
                <Relationships>
                    <OneToMany Cascade="true" SourceObjectAttribute="OrderID" TargetObject="OrderDetails" TargetObjectAttribute="OrderID"/>
                </Relationships>
                <FilterParameters>
                    <ClientFilterParameters/>
                    <ServerFilterParameters>
                       <!-- <FilterParameter Condition="EXPRESSION" Name="Something" Value1="OrderID > 11075"/>-->
                    </ServerFilterParameters>
                </FilterParameters>
                <UpdateTimeStampAttribute GlobalName="LastUpdateTime"/>
                <UpdateUserIDAttribute GlobalName="UpdateUserID"/>
                <SoftDeleteFlagAttribute GlobalName="SoftDeleteFlag"/>
                <Operations/>
            </SyncObject>
            <SyncObject GlobalName="Products" SourceName="Products" SourceSchema="KonySyncSample">
                <SyncAttributes>
                    <Key>
                        <Attribute GlobalName="ProductID"/>
                    </Key>
                    <SyncAttribute Autogenerated="true" GlobalName="ProductID" IsNullable="false" SourceName="ProductID" Type="int"/>
                    <SyncAttribute Autogenerated="false" GlobalName="ProductName" IsNullable="false" SourceName="ProductName" Type="string"/>
                    <SyncAttribute Autogenerated="false" GlobalName="SupplierID" IsNullable="true" SourceName="SupplierID" Type="int"/>
                    <SyncAttribute Autogenerated="false" GlobalName="CategoryID" IsNullable="true" SourceName="CategoryID" Type="int"/>
                    <SyncAttribute Autogenerated="false" GlobalName="QuantityPerUnit" IsNullable="true" SourceName="QuantityPerUnit" Type="string"/>
                    <SyncAttribute Autogenerated="false" GlobalName="UnitPrice" IsNullable="true" SourceName="UnitPrice" Type="string"/>
                    <SyncAttribute Autogenerated="false" GlobalName="UnitsInStock" IsNullable="true" SourceName="UnitsInStock" Type="short"/>
                    <SyncAttribute Autogenerated="false" GlobalName="UnitsOnOrder" IsNullable="true" SourceName="UnitsOnOrder" Type="short"/>
                    <SyncAttribute Autogenerated="false" GlobalName="LastUpdateTime" IsNullable="false" SourceName="LastUpdateTime" Type="timestamp"/>
                    <SyncAttribute Autogenerated="false" GlobalName="UpdateUserID" IsNullable="false" SourceName="UpdateUserID" Type="string"/>
                    <SyncAttribute Autogenerated="false" GlobalName="SoftDeleteFlag" IsNullable="false" SourceName="SoftDeleteFlag" Type="boolean"/>
                </SyncAttributes>
                <Relationships>
                    <OneToMany Cascade="false" SourceObjectAttribute="ProductID" TargetObject="OrderDetails" TargetObjectAttribute="ProductID"/>
                </Relationships>
                <FilterParameters>
                    <ClientFilterParameters/>
                    <ServerFilterParameters/>
                </FilterParameters>
                <UpdateTimeStampAttribute GlobalName="LastUpdateTime"/>
                <UpdateUserIDAttribute GlobalName="UpdateUserID"/>
                <SoftDeleteFlagAttribute GlobalName="SoftDeleteFlag"/>
                <Operations/>
            </SyncObject>
            <SyncObject GlobalName="OrderDetails" SourceName="OrderDetails" SourceSchema="KonySyncSample">
                <SyncAttributes>
                    <Key>
                        <Attribute GlobalName="OrderID"/>
                        <Attribute GlobalName="ProductID"/>
                    </Key>
                    <SyncAttribute Autogenerated="false" GlobalName="OrderID" IsNullable="false" SourceName="OrderID" Type="int"/>
                    <SyncAttribute Autogenerated="false" GlobalName="ProductID" IsNullable="false" SourceName="ProductID" Type="int"/>
                    <SyncAttribute Autogenerated="false" GlobalName="UnitPrice" IsNullable="false" SourceName="UnitPrice" Type="string"/>
                    <SyncAttribute Autogenerated="false" GlobalName="Quantity" IsNullable="false" SourceName="Quantity" Type="short"/>
                    <SyncAttribute Autogenerated="false" GlobalName="Discount" IsNullable="false" SourceName="Discount" Type="string"/>
                    <SyncAttribute Autogenerated="false" GlobalName="LastUpdateTime" IsNullable="false" SourceName="LastUpdateTime" Type="timestamp"/>
                    <SyncAttribute Autogenerated="false" GlobalName="UpdateUserID" IsNullable="false" SourceName="UpdateUserID" Type="string"/>
                    <SyncAttribute Autogenerated="false" GlobalName="SoftDeleteFlag" IsNullable="false" SourceName="SoftDeleteFlag" Type="boolean"/>
                </SyncAttributes>
                <Relationships/>
                <FilterParameters>
                    <ClientFilterParameters/>
                    <ServerFilterParameters/>
                </FilterParameters>
                <UpdateTimeStampAttribute GlobalName="LastUpdateTime"/>
                <UpdateUserIDAttribute GlobalName="UpdateUserID"/>
                <SoftDeleteFlagAttribute GlobalName="SoftDeleteFlag"/>
                <Operations/>
            </SyncObject>
            <SyncObject GlobalName="CustomerDemographics" SourceName="CustomerDemographics" SourceSchema="KonySyncSample">
                <SyncAttributes>
                    <Key>
                        <Attribute GlobalName="CustomerTypeID"/>
                    </Key>
                    <SyncAttribute Autogenerated="false" GlobalName="CustomerTypeID" IsNullable="false" SourceName="CustomerTypeID" Type="string"/>
                    <SyncAttribute Autogenerated="false" GlobalName="CustomerDesc" IsNullable="true" SourceName="CustomerDesc" Type="string"/>
                    <SyncAttribute Autogenerated="false" GlobalName="LastUpdateTime" IsNullable="false" SourceName="LastUpdateTime" Type="timestamp"/>
                    <SyncAttribute Autogenerated="false" GlobalName="UpdateUserID" IsNullable="false" SourceName="UpdateUserID" Type="string"/>
                    <SyncAttribute Autogenerated="false" GlobalName="SoftDeleteFlag" IsNullable="false" SourceName="SoftDeleteFlag" Type="boolean"/>
                </SyncAttributes>
                <Relationships>
                    <OneToMany Cascade="true" SourceObjectAttribute="CustomerTypeID" TargetObject="CustomerCustomerDemo" TargetObjectAttribute="CustomerTypeID"/>
                </Relationships>
                <FilterParameters>
                    <ClientFilterParameters/>
                    <ServerFilterParameters/>
                </FilterParameters>
                <UpdateTimeStampAttribute GlobalName="LastUpdateTime"/>
                <UpdateUserIDAttribute GlobalName="UpdateUserID"/>
                <SoftDeleteFlagAttribute GlobalName="SoftDeleteFlag"/>
                <Operations/>
            </SyncObject>
            <SyncObject GlobalName="CustomerCustomerDemo" SourceName="CustomerCustomerDemo" SourceSchema="KonySyncSample">
                <SyncAttributes>
                    <Key>
                        <Attribute GlobalName="CustomerID"/>
                        <Attribute GlobalName="CustomerTypeID"/>
                    </Key>
                    <SyncAttribute Autogenerated="false" GlobalName="CustomerID" IsNullable="false" SourceName="CustomerID" Type="string"/>
                    <SyncAttribute Autogenerated="false" GlobalName="CustomerTypeID" IsNullable="false" SourceName="CustomerTypeID" Type="string"/>
                    <SyncAttribute Autogenerated="false" GlobalName="LastUpdateTime" IsNullable="false" SourceName="LastUpdateTime" Type="timestamp"/>
                    <SyncAttribute Autogenerated="false" GlobalName="UpdateUserID" IsNullable="false" SourceName="UpdateUserID" Type="string"/>
                    <SyncAttribute Autogenerated="false" GlobalName="SoftDeleteFlag" IsNullable="false" SourceName="SoftDeleteFlag" Type="boolean"/>
                </SyncAttributes>
                <Relationships>
                    <OneToOne Cascade="true" SourceObjectAttribute="CustomerID" TargetObject="Customers" TargetObjectAttribute="CustomerID"/>
                </Relationships>
                <FilterParameters>
                    <ClientFilterParameters/>
                    <ServerFilterParameters/>
                </FilterParameters>
                <UpdateTimeStampAttribute GlobalName="LastUpdateTime"/>
                <UpdateUserIDAttribute GlobalName="UpdateUserID"/>
                <SoftDeleteFlagAttribute GlobalName="SoftDeleteFlag"/>
                <Operations/>
            </SyncObject>
            <SyncObject GlobalName="Region" SourceName="Region" SourceSchema="KonySyncSample">
                <SyncAttributes>
                    <Key>
                        <Attribute GlobalName="RegionID"/>
                    </Key>
                    <SyncAttribute Autogenerated="false" GlobalName="RegionID" IsNullable="false" SourceName="RegionID" Type="int"/>
                    <SyncAttribute Autogenerated="false" GlobalName="RgnDesc" IsNullable="true" SourceName="RegionDescription" Type="string"/>
                    <SyncAttribute Autogenerated="false" GlobalName="LastUpdateTime" IsNullable="false" SourceName="LastUpdateTime" Type="timestamp"/>
                    <SyncAttribute Autogenerated="false" GlobalName="UpdateUserID" IsNullable="false" SourceName="UpdateUserID" Type="string"/>
                    <SyncAttribute Autogenerated="false" GlobalName="SoftDeleteFlag" IsNullable="false" SourceName="SoftDeleteFlag" Type="boolean"/>
                </SyncAttributes>
                <Relationships>
                    <OneToMany Cascade="true" SourceObjectAttribute="RegionID" TargetObject="Territories" TargetObjectAttribute="RegionID"/>
                </Relationships>
                <FilterParameters>
                    <ClientFilterParameters/>
                    <ServerFilterParameters/>
                </FilterParameters>
                <UpdateTimeStampAttribute GlobalName="LastUpdateTime"/>
                <UpdateUserIDAttribute GlobalName="UpdateUserID"/>
                <SoftDeleteFlagAttribute GlobalName="SoftDeleteFlag"/>
                <Operations/>
            </SyncObject>
            <SyncObject GlobalName="Territories" SourceName="Territories" SourceSchema="KonySyncSample">
                <SyncAttributes>
                    <Key>
                        <Attribute GlobalName="TerritoryID"/>
                    </Key>
                    <SyncAttribute Autogenerated="false" GlobalName="TerritoryID" IsNullable="false" SourceName="TerritoryID" Type="string"/>
                    <SyncAttribute Autogenerated="false" GlobalName="TryDesc" IsNullable="false" SourceName="TerritoryDescription" Type="string"/>
                    <SyncAttribute Autogenerated="false" GlobalName="RegionID" IsNullable="false" SourceName="RegionID" Type="int"/>
                    <SyncAttribute Autogenerated="false" GlobalName="LastUpdateTime" IsNullable="false" SourceName="LastUpdateTime" Type="timestamp"/>
                    <SyncAttribute Autogenerated="false" GlobalName="UpdateUserID" IsNullable="false" SourceName="UpdateUserID" Type="string"/>
                    <SyncAttribute Autogenerated="false" GlobalName="SoftDeleteFlag" IsNullable="false" SourceName="SoftDeleteFlag" Type="boolean"/>
                </SyncAttributes>
                <Relationships>
                    <OneToMany Cascade="false" SourceObjectAttribute="TerritoryID" TargetObject="EmployeeTerritories" TargetObjectAttribute="TerritoryID"/>
                </Relationships>
                <FilterParameters>
                    <ClientFilterParameters/>
                    <ServerFilterParameters/>
                </FilterParameters>
                <UpdateTimeStampAttribute GlobalName="LastUpdateTime"/>
                <UpdateUserIDAttribute GlobalName="UpdateUserID"/>
                <SoftDeleteFlagAttribute GlobalName="SoftDeleteFlag"/>
                <Operations/>
            </SyncObject>
            <SyncObject GlobalName="EmployeeTerritories" SourceName="EmployeeTerritories" SourceSchema="KonySyncSample">
                <SyncAttributes>
                    <Key>
                        <Attribute GlobalName="EmployeeID"/>
                        <Attribute GlobalName="TerritoryID"/>
                    </Key>
                    <SyncAttribute Autogenerated="false" GlobalName="EmployeeID" IsNullable="false" SourceName="EmployeeID" Type="int"/>
                    <SyncAttribute Autogenerated="false" GlobalName="TerritoryID" IsNullable="false" SourceName="TerritoryID" Type="string"/>
                    <SyncAttribute Autogenerated="false" GlobalName="LastUpdateTime" IsNullable="false" SourceName="LastUpdateTime" Type="timestamp"/>
                    <SyncAttribute Autogenerated="false" GlobalName="UpdateUserID" IsNullable="false" SourceName="UpdateUserID" Type="string"/>
                    <SyncAttribute Autogenerated="false" GlobalName="SoftDeleteFlag" IsNullable="false" SourceName="SoftDeleteFlag" Type="boolean"/>
                </SyncAttributes>
                <Relationships/>
                <FilterParameters>
                    <ClientFilterParameters/>
                    <ServerFilterParameters/>
                </FilterParameters>
                <UpdateTimeStampAttribute GlobalName="LastUpdateTime"/>
                <UpdateUserIDAttribute GlobalName="UpdateUserID"/>
                <SoftDeleteFlagAttribute GlobalName="SoftDeleteFlag"/>
                <Operations/>
            </SyncObject>
            <SyncObject GlobalName="Employees" SourceName="Employees" SourceSchema="KonySyncSample">
                <SyncAttributes>
                    <Key>
                        <Attribute GlobalName="EmployeeID"/>
                    </Key>
                    <SyncAttribute Autogenerated="true" GlobalName="EmployeeID" IsNullable="false" SourceName="EmployeeID" Type="int"/>
                    <SyncAttribute Autogenerated="false" GlobalName="LastName" IsNullable="true" SourceName="LastName" Type="string"/>
                    <SyncAttribute Autogenerated="false" GlobalName="FirstName" IsNullable="true" SourceName="FirstName" Type="string"/>
                    <SyncAttribute Autogenerated="false" GlobalName="Extension" IsNullable="true" SourceName="Extension" Type="string"/>
                    <SyncAttribute Autogenerated="false" GlobalName="LastUpdateTime" IsNullable="false" SourceName="LastUpdateTime" Type="timestamp"/>
                    <SyncAttribute Autogenerated="false" GlobalName="UpdateUserID" IsNullable="false" SourceName="UpdateUserID" Type="string"/>
                    <SyncAttribute Autogenerated="false" GlobalName="SoftDeleteFlag" IsNullable="false" SourceName="SoftDeleteFlag" Type="boolean"/>
                </SyncAttributes>
                <Relationships>
                    <OneToMany Cascade="true" SourceObjectAttribute="EmployeeID" TargetObject="Orders" TargetObjectAttribute="EmployeeID"/>
                    <OneToMany Cascade="true" SourceObjectAttribute="EmployeeID" TargetObject="EmployeeTerritories" TargetObjectAttribute="EmployeeID"/>
                </Relationships>
                <FilterParameters>
                    <ClientFilterParameters/>
                    <ServerFilterParameters/>
                </FilterParameters>
                <UpdateTimeStampAttribute GlobalName="LastUpdateTime"/>
                <UpdateUserIDAttribute GlobalName="UpdateUserID"/>
                <SoftDeleteFlagAttribute GlobalName="SoftDeleteFlag"/>
                <Operations/>
            </SyncObject>
        </SyncScope>
    </SyncScopes>
    <DataSources>
        <DataSource Class="com.kony.sync.services.datasource.jdbc.JDBCDatasource" ID="KonySyncSample" Type="database">
            <Database DriverName="com.mysql.jdbc.Driver" IsJNDIDataSource="false" JndiORJdbcURL="jdbc:mysql://localhost:3306/KonySyncSample?user=root&amp;password=" Name="KonySyncSampleConfig" Type="MYSQL"/>
        </DataSource>
    </DataSources>
</SyncConfiguration>
