<?xml version="1.0" encoding="UTF-8"?>
<SyncConfiguration AppID="AppSample" Version="54e154fc-4b17-4cff-805a-eca5ef2ab86a" UpdateddateTime="19/12/2012 13:30:30" PersistentDBType="POSTGRESQL" Name="KonySyncSample_SyncConsole">
    <SyncInterceptors/>
    <SyncScopes>
        <SyncScope Strategy="PersistentSync" Name="PerProv1" Datasource="KonySyncSample">
            <ChangeTrackingPolicy>
                <Type>datasource</Type>
                <ChangeTrackingColumnsSupported>
                    <lastupdatetimeStamp>true</lastupdatetimeStamp>
                    <softdeleteflag>true</softdeleteflag>
                </ChangeTrackingColumnsSupported>
            </ChangeTrackingPolicy>
            <ConflictPolicy>
                <Type>clientwins</Type>
                <ProvisioningColumnsSupported>
                    <updateuserid>true</updateuserid>
                </ProvisioningColumnsSupported>
                <ConflictInterceptor ClassName="com.kony.sync.services.interceptor.impl.LoggingConflictInterceptor"/>
            </ConflictPolicy>
            <SyncObject SourceName="categories" GlobalName="categories">
                <SyncAttributes>
                    <Key>
                        <Attribute GlobalName="categoryid"/>
                    </Key>
                    <SyncAttribute Type="int" SourceName="categoryid" IsNullable="false" GlobalName="categoryid" Autogenerated="true"/>
                    <SyncAttribute Type="string" SourceName="categoryname" Length="80" IsNullable="false" GlobalName="categoryname" Autogenerated="false"/>
                    <SyncAttribute Type="string" SourceName="description" IsNullable="true" GlobalName="description" Autogenerated="false"/>
                    <SyncAttribute Type="timestamp" SourceName="lastupdatetime" IsNullable="false" GlobalName="lastupdatetime" Autogenerated="false"/>
                    <SyncAttribute Type="string" SourceName="updateuserid" IsNullable="false" GlobalName="updateuserid" Autogenerated="false"/>
                    <SyncAttribute Type="boolean" SourceName="softdeleteflag" IsNullable="false" GlobalName="softdeleteflag" Autogenerated="false"/>
                </SyncAttributes>
                <Relationships>
                    <OneToMany TargetObjectAttribute="categoryid" TargetObject="products" SourceObjectAttribute="categoryid" Cascade="false"/>
                </Relationships>
                <FilterParameters>
                    <ClientFilterParameters>
						<!-- <FilterParameter Name="categoryname" Value1="" Condition="LIKE"/>-->
					</ClientFilterParameters>
                    <ServerFilterParameters/>
                </FilterParameters>
                <UpdateTimeStampAttribute GlobalName="lastupdatetime"/>
                <updateuseridAttribute GlobalName="updateuserid"/>
                <softdeleteflagAttribute GlobalName="softdeleteflag"/>
                <Operations/>
            </SyncObject>
			<SyncObject SourceName="customers" GlobalName="customers">
                <SyncAttributes>
                    <Key>
                        <Attribute GlobalName="customerid"/>
                    </Key>
                    <SyncAttribute Type="string" SourceName="customerid" IsNullable="false" GlobalName="customerid" Autogenerated="false"/>
                    <SyncAttribute Type="string" SourceName="companyname" IsNullable="false" GlobalName="companyname" Autogenerated="false"/>
                    <SyncAttribute Type="string" SourceName="contactname" IsNullable="true" GlobalName="contactname" Autogenerated="false"/>
                    <SyncAttribute Type="string" SourceName="phone" IsNullable="true" GlobalName="phone" Autogenerated="false"/>
                    <SyncAttribute Type="string" SourceName="country" IsNullable="true" GlobalName="Country" Autogenerated="false"/>
                    <SyncAttribute Type="timestamp" SourceName="lastupdatetime" IsNullable="false" GlobalName="lastupdatetime" Autogenerated="false"/>
                    <SyncAttribute Type="string" SourceName="updateuserid" IsNullable="false" GlobalName="updateuserid" Autogenerated="false"/>
                    <SyncAttribute Type="boolean" SourceName="softdeleteflag" IsNullable="false" GlobalName="softdeleteflag" Autogenerated="false"/>
                </SyncAttributes>
                <Relationships>
                    <OneToMany TargetObjectAttribute="customerid" TargetObject="orders" SourceObjectAttribute="customerid" Cascade="true"/>
                </Relationships>
                <FilterParameters>
                    <ClientFilterParameters/>
                    <ServerFilterParameters/>
                </FilterParameters>
                <UpdateTimeStampAttribute GlobalName="lastupdatetime"/>
                <updateuseridAttribute GlobalName="updateuserid"/>
                <softdeleteflagAttribute GlobalName="softdeleteflag"/>
                <Operations/>
            </SyncObject>
            <SyncObject SourceName="shippers" GlobalName="shippers">
                <SyncAttributes>
                    <Key>
                        <Attribute GlobalName="shipperid"/>
                    </Key>
                    <SyncAttribute Type="int" SourceName="shipperid" IsNullable="false" GlobalName="shipperid" Autogenerated="true"/>
                    <SyncAttribute Type="string" SourceName="companyname" IsNullable="false" GlobalName="companyname" Autogenerated="false"/>
                    <SyncAttribute Type="string" SourceName="phone" IsNullable="true" GlobalName="phone" Autogenerated="false"/>
                    <SyncAttribute Type="timestamp" SourceName="lastupdatetime" IsNullable="false" GlobalName="lastupdatetime" Autogenerated="false"/>
                    <SyncAttribute Type="string" SourceName="updateuserid" IsNullable="false" GlobalName="updateuserid" Autogenerated="false"/>
                    <SyncAttribute Type="boolean" SourceName="softdeleteflag" IsNullable="false" GlobalName="softdeleteflag" Autogenerated="false"/>
                </SyncAttributes>
                <Relationships>
                    <OneToMany TargetObjectAttribute="shipvia" TargetObject="orders" SourceObjectAttribute="shipperid" Cascade="true"/>
                </Relationships>
                <FilterParameters>
                    <ClientFilterParameters/>
                    <ServerFilterParameters/>
                </FilterParameters>
                <UpdateTimeStampAttribute GlobalName="lastupdatetime"/>
                <updateuseridAttribute GlobalName="updateuserid"/>
                <softdeleteflagAttribute GlobalName="softdeleteflag"/>
                <Operations/>
            </SyncObject>
            <SyncObject SourceName="suppliers" GlobalName="suppliers">
                <SyncAttributes>
                    <Key>
                        <Attribute GlobalName="supplierid"/>
                    </Key>
                    <SyncAttribute Type="int" SourceName="supplierid" IsNullable="false" GlobalName="supplierid" Autogenerated="true"/>
                    <SyncAttribute Type="string" SourceName="companyname" IsNullable="false" GlobalName="companyname" Autogenerated="false"/>
                    <SyncAttribute Type="string" SourceName="contactname" IsNullable="true" GlobalName="contactname" Autogenerated="false"/>
                    <SyncAttribute Type="string" SourceName="region" IsNullable="true" GlobalName="region" Autogenerated="false"/>
                    <SyncAttribute Type="string" SourceName="country" IsNullable="true" GlobalName="country" Autogenerated="false"/>
                    <SyncAttribute Type="timestamp" SourceName="lastupdatetime" IsNullable="false" GlobalName="lastupdatetime" Autogenerated="false"/>
                    <SyncAttribute Type="string" SourceName="updateuserid" IsNullable="false" GlobalName="updateuserid" Autogenerated="false"/>
                    <SyncAttribute Type="boolean" SourceName="softdeleteflag" IsNullable="false" GlobalName="softdeleteflag" Autogenerated="false"/>
                </SyncAttributes>
                <Relationships>
                    <OneToMany TargetObjectAttribute="supplierid" TargetObject="products" SourceObjectAttribute="supplierid" Cascade="false"/>
                </Relationships>
                <FilterParameters>
                    <ClientFilterParameters/>
                    <ServerFilterParameters/>
                </FilterParameters>
                <UpdateTimeStampAttribute GlobalName="lastupdatetime"/>
                <updateuseridAttribute GlobalName="updateuserid"/>
                <softdeleteflagAttribute GlobalName="softdeleteflag"/>
                <Operations/>
            </SyncObject>
            <SyncObject SourceName="orders" GlobalName="orders">
                <SyncAttributes>
                    <Key>
                        <Attribute GlobalName="orderid"/>
                    </Key>
                    <SyncAttribute Type="int" SourceName="orderid" IsNullable="false" GlobalName="orderid" Autogenerated="true"/>
                    <SyncAttribute Type="string" SourceName="customerid" IsNullable="true" GlobalName="customerid" Autogenerated="false"/>
                    <SyncAttribute Type="int" SourceName="employeeid" IsNullable="true" GlobalName="employeeid" Autogenerated="false"/>
                    <SyncAttribute Type="date" SourceName="orderdate" IsNullable="true" GlobalName="orderdate" Autogenerated="false"/>
                    <SyncAttribute Type="string" SourceName="requireddate" IsNullable="true" GlobalName="requireddate" Autogenerated="false"/>
                    <SyncAttribute Type="string" SourceName="shippeddate" IsNullable="true" GlobalName="shippeddate" Autogenerated="false"/>
                    <SyncAttribute Type="int" SourceName="shipvia" IsNullable="true" GlobalName="shipvia" Autogenerated="false"/>
                    <SyncAttribute Type="string" SourceName="freight" IsNullable="true" GlobalName="freight" Autogenerated="false"/>
                    <SyncAttribute Type="string" SourceName="shipname" IsNullable="true" GlobalName="shipname" Autogenerated="false"/>
                    <SyncAttribute Type="string" SourceName="shipaddress" IsNullable="true" GlobalName="shipaddress" Autogenerated="false"/>
                    <SyncAttribute Type="string" SourceName="shipcity" IsNullable="true" GlobalName="shipcity" Autogenerated="false"/>
                    <SyncAttribute Type="string" SourceName="shipregion" IsNullable="true" GlobalName="shipregion" Autogenerated="false"/>
                    <SyncAttribute Type="string" SourceName="shippostalcode" IsNullable="true" GlobalName="shippostalcode" Autogenerated="false"/>
                    <SyncAttribute Type="string" SourceName="shipcountry" IsNullable="true" GlobalName="shipcountry" Autogenerated="false"/>
                    <SyncAttribute Type="timestamp" SourceName="lastupdatetime" IsNullable="false" GlobalName="lastupdatetime" Autogenerated="false"/>
                    <SyncAttribute Type="string" SourceName="updateuserid" IsNullable="false" GlobalName="updateuserid" Autogenerated="false"/>
                    <SyncAttribute Type="boolean" SourceName="softdeleteflag" IsNullable="false" GlobalName="softdeleteflag" Autogenerated="false"/>
                </SyncAttributes>
                <Relationships>
                    <OneToMany TargetObjectAttribute="orderid" TargetObject="orderdetails" SourceObjectAttribute="orderid" Cascade="true"/>
                </Relationships>
                <FilterParameters>
                    <ClientFilterParameters/>
                    <ServerFilterParameters/>
                </FilterParameters>
                <UpdateTimeStampAttribute GlobalName="lastupdatetime"/>
                <updateuseridAttribute GlobalName="updateuserid"/>
                <softdeleteflagAttribute GlobalName="softdeleteflag"/>
                <Operations/>
            </SyncObject>
            <SyncObject SourceName="products" GlobalName="products">
                <SyncAttributes>
                    <Key>
                        <Attribute GlobalName="productid"/>
                    </Key>
                    <SyncAttribute Type="int" SourceName="productid" IsNullable="false" GlobalName="productid" Autogenerated="true"/>
                    <SyncAttribute Type="string" SourceName="productname" IsNullable="false" GlobalName="productname" Autogenerated="false"/>
                    <SyncAttribute Type="int" SourceName="supplierid" IsNullable="true" GlobalName="supplierid" Autogenerated="false"/>
                    <SyncAttribute Type="int" SourceName="categoryid" IsNullable="true" GlobalName="categoryid" Autogenerated="false"/>
                    <SyncAttribute Type="string" SourceName="quantityperunit" IsNullable="true" GlobalName="quantityperunit" Autogenerated="false"/>
                    <SyncAttribute Type="string" SourceName="unitprice" IsNullable="true" GlobalName="unitprice" Autogenerated="false"/>
                    <SyncAttribute Type="short" SourceName="unitsinstock" IsNullable="true" GlobalName="unitsinstock" Autogenerated="false"/>
                    <SyncAttribute Type="short" SourceName="unitsonorder" IsNullable="true" GlobalName="unitsonorder" Autogenerated="false"/>
                    <SyncAttribute Type="timestamp" SourceName="lastupdatetime" IsNullable="false" GlobalName="lastupdatetime" Autogenerated="false"/>
                    <SyncAttribute Type="string" SourceName="updateuserid" IsNullable="false" GlobalName="updateuserid" Autogenerated="false"/>
                    <SyncAttribute Type="boolean" SourceName="softdeleteflag" IsNullable="false" GlobalName="softdeleteflag" Autogenerated="false"/>
                </SyncAttributes>
                <Relationships>
                    <OneToMany TargetObjectAttribute="productid" TargetObject="orderdetails" SourceObjectAttribute="productid" Cascade="false"/>
                </Relationships>
                <FilterParameters>
                    <ClientFilterParameters/>
                    <ServerFilterParameters/>
                </FilterParameters>
                <UpdateTimeStampAttribute GlobalName="lastupdatetime"/>
                <updateuseridAttribute GlobalName="updateuserid"/>
                <softdeleteflagAttribute GlobalName="softdeleteflag"/>
                <Operations/>
            </SyncObject>
            <SyncObject SourceName="orderdetails" GlobalName="orderdetails">
                <SyncAttributes>
                    <Key>
                        <Attribute GlobalName="orderid"/>
                        <Attribute GlobalName="productid"/>
                    </Key>
                    <SyncAttribute Type="int" SourceName="orderid" IsNullable="false" GlobalName="orderid" Autogenerated="false"/>
                    <SyncAttribute Type="int" SourceName="productid" IsNullable="false" GlobalName="productid" Autogenerated="false"/>
                    <SyncAttribute Type="string" SourceName="unitprice" IsNullable="false" GlobalName="unitprice" Autogenerated="false"/>
                    <SyncAttribute Type="short" SourceName="quantity" IsNullable="false" GlobalName="quantity" Autogenerated="false"/>
                    <SyncAttribute Type="string" SourceName="discount" IsNullable="false" GlobalName="discount" Autogenerated="false"/>
                    <SyncAttribute Type="timestamp" SourceName="lastupdatetime" IsNullable="false" GlobalName="lastupdatetime" Autogenerated="false"/>
                    <SyncAttribute Type="string" SourceName="updateuserid" IsNullable="false" GlobalName="updateuserid" Autogenerated="false"/>
                    <SyncAttribute Type="boolean" SourceName="softdeleteflag" IsNullable="false" GlobalName="softdeleteflag" Autogenerated="false"/>
                </SyncAttributes>
                <Relationships/>
                <FilterParameters>
                    <ClientFilterParameters/>
                    <ServerFilterParameters/>
                </FilterParameters>
                <UpdateTimeStampAttribute GlobalName="lastupdatetime"/>
                <updateuseridAttribute GlobalName="updateuserid"/>
                <softdeleteflagAttribute GlobalName="softdeleteflag"/>
                <Operations/>
            </SyncObject>
        </SyncScope>
       <!-- <SyncScope Strategy="OTASync" Name="PerProv2" Datasource="KonySyncSample">
            <ChangeTrackingPolicy>
                <Type>datasource</Type>
                <ChangeTrackingColumnsSupported>
                    <lastupdatetimeStamp>true</lastupdatetimeStamp>
                    <softdeleteflag>true</softdeleteflag>
                </ChangeTrackingColumnsSupported>
            </ChangeTrackingPolicy>
            <ConflictPolicy>
                <Type>serverwins</Type>
                <ProvisioningColumnsSupported>
                    <updateuserid>false</updateuserid>
                </ProvisioningColumnsSupported>
                <ConflictInterceptor ClassName="com.kony.sync.services.interceptor.impl.LoggingConflictInterceptor"/>
            </ConflictPolicy>
            <SyncObject  SourceName="Region" GlobalName="Region">
                <SyncAttributes>
                    <Key>
                        <Attribute GlobalName="RegionID"/>
                    </Key>
                    <SyncAttribute Type="int" SourceName="RegionID" IsNullable="false" GlobalName="RegionID" Autogenerated="false"/>
                    <SyncAttribute Type="string" SourceName="Regiondescription" IsNullable="true" GlobalName="RegionDesc" Autogenerated="false"/>
                    <SyncAttribute Type="timestamp" SourceName="lastupdatetime" IsNullable="false" GlobalName="lastupdatetime" Autogenerated="false"/>
                    <SyncAttribute Type="string" SourceName="updateuserid" IsNullable="false" GlobalName="updateuserid" Autogenerated="false"/>
                    <SyncAttribute Type="boolean" SourceName="softdeleteflag" IsNullable="false" GlobalName="softdeleteflag" Autogenerated="false"/>
                </SyncAttributes>
                <Relationships>
                    <OneToMany TargetObjectAttribute="RegionID" TargetObject="Territories" SourceObjectAttribute="RegionID" Cascade="true"/>
                </Relationships>
                <FilterParameters>
                    <ClientFilterParameters/>
                    <ServerFilterParameters/>
                </FilterParameters>
                <UpdateTimeStampAttribute GlobalName="lastupdatetime"/>
                <updateuseridAttribute GlobalName="updateuserid"/>
                <softdeleteflagAttribute GlobalName="softdeleteflag"/>
                <Operations/>
            </SyncObject>
            <SyncObject  SourceName="Territories" GlobalName="Territories">
                <SyncAttributes>
                    <Key>
                        <Attribute GlobalName="TerritoryID"/>
                    </Key>
                    <SyncAttribute Type="string" SourceName="TerritoryID" IsNullable="false" GlobalName="TerritoryID" Autogenerated="false"/>
                    <SyncAttribute Type="string" SourceName="Territorydescription" IsNullable="false" GlobalName="TerritoryDesc" Autogenerated="false"/>
                    <SyncAttribute Type="int" SourceName="RegionID" IsNullable="false" GlobalName="RegionID" Autogenerated="false"/>
                    <SyncAttribute Type="timestamp" SourceName="lastupdatetime" IsNullable="false" GlobalName="lastupdatetime" Autogenerated="false"/>
                    <SyncAttribute Type="string" SourceName="updateuserid" IsNullable="false" GlobalName="updateuserid" Autogenerated="false"/>
                    <SyncAttribute Type="boolean" SourceName="softdeleteflag" IsNullable="false" GlobalName="softdeleteflag" Autogenerated="false"/>
                </SyncAttributes>
                <Relationships>
                    <OneToMany TargetObjectAttribute="TerritoryID" TargetObject="EmployeeTerritories" SourceObjectAttribute="TerritoryID" Cascade="false"/>
                </Relationships>
                <FilterParameters>
                    <ClientFilterParameters/>
                    <ServerFilterParameters/>
                </FilterParameters>
                <UpdateTimeStampAttribute GlobalName="lastupdatetime"/>
                <updateuseridAttribute GlobalName="updateuserid"/>
                <softdeleteflagAttribute GlobalName="softdeleteflag"/>
                <Operations/>
            </SyncObject>
            <SyncObject  SourceName="EmployeeTerritories" GlobalName="EmployeeTerritories">
                <SyncAttributes>
                    <Key>
                        <Attribute GlobalName="employeeid"/>
                        <Attribute GlobalName="TerritoryID"/>
                    </Key>
                    <SyncAttribute Type="int" SourceName="employeeid" IsNullable="false" GlobalName="employeeid" Autogenerated="false"/>
                    <SyncAttribute Type="string" SourceName="TerritoryID" IsNullable="false" GlobalName="TerritoryID" Autogenerated="false"/>
                    <SyncAttribute Type="timestamp" SourceName="lastupdatetime" IsNullable="false" GlobalName="lastupdatetime" Autogenerated="false"/>
                    <SyncAttribute Type="string" SourceName="updateuserid" IsNullable="false" GlobalName="updateuserid" Autogenerated="false"/>
                    <SyncAttribute Type="boolean" SourceName="softdeleteflag" IsNullable="false" GlobalName="softdeleteflag" Autogenerated="false"/>
                </SyncAttributes>
                <Relationships/>
                <FilterParameters>
                    <ClientFilterParameters/>
                    <ServerFilterParameters/>
                </FilterParameters>
                <UpdateTimeStampAttribute GlobalName="lastupdatetime"/>
                <updateuseridAttribute GlobalName="updateuserid"/>
                <softdeleteflagAttribute GlobalName="softdeleteflag"/>
                <Operations/>
            </SyncObject>
            <SyncObject  SourceName="Employees" GlobalName="Employees">
                <SyncAttributes>
                    <Key>
                        <Attribute GlobalName="employeeid"/>
                    </Key>
                    <SyncAttribute Type="int" SourceName="employeeid" IsNullable="false" GlobalName="employeeid" Autogenerated="true"/>
                    <SyncAttribute Type="string" SourceName="LastName" IsNullable="true" GlobalName="LastName" Autogenerated="false"/>
                    <SyncAttribute Type="string" SourceName="FirstName" IsNullable="true" GlobalName="FirstName" Autogenerated="false"/>
                    <SyncAttribute Type="string" SourceName="Extension" IsNullable="true" GlobalName="Extension" Autogenerated="false"/>
                    <SyncAttribute Type="timestamp" SourceName="lastupdatetime" IsNullable="false" GlobalName="lastupdatetime" Autogenerated="false"/>
                    <SyncAttribute Type="string" SourceName="updateuserid" IsNullable="false" GlobalName="updateuserid" Autogenerated="false"/>
                    <SyncAttribute Type="boolean" SourceName="softdeleteflag" IsNullable="false" GlobalName="softdeleteflag" Autogenerated="false"/>
                </SyncAttributes>
                <Relationships>
                    <OneToMany TargetObjectAttribute="employeeid" TargetObject="EmployeeTerritories" SourceObjectAttribute="employeeid" Cascade="true"/>
                </Relationships>
                <FilterParameters>
                    <ClientFilterParameters/>
                    <ServerFilterParameters/>
                </FilterParameters>
                <UpdateTimeStampAttribute GlobalName="lastupdatetime"/>
                <updateuseridAttribute GlobalName="updateuserid"/>
                <softdeleteflagAttribute GlobalName="softdeleteflag"/>
                <Operations/>
            </SyncObject>
        </SyncScope>-->
    </SyncScopes>
    <DataSources>
		<DataSource Type="database" ID="KonySyncSample" Class="com.kony.sync.services.datasource.jdbc.JDBCDatasource">
            <Database Type="POSTGRESQL" Name="KonySyncSampleConfig" JndiORJdbcURL="jdbc:postgresql://localhost:5432/KonySyncSample?user=postgres&amp;password=kony123!" IsJNDIDataSource="false" DriverName="org.postgresql.Driver"/>
		</DataSource>
        <!--<DataSource Type="database" ID="KonySyncSampleMS" Class="com.kony.sync.services.datasource.jdbc.JDBCDatasource">
            <Database Type="MSSQLSERVER" Name="KonySyncSampleConfig" JndiORJdbcURL="jdbc:sqlserver://localhost:1433;databaseName=KonySyncSampleMS;user=sa;password=kony123!" IsJNDIDataSource="false" DriverName="com.microsoft.sqlserver.jdbc.SQLServerDriver"/>
        </DataSource>-->
        <!--<DataSource Type="database" ID="KonySyncSample" Class="com.kony.sync.services.datasource.jdbc.JDBCDatasource">
            <Database Type="ORACLE" Name="KonySyncSampleConfig" JndiORJdbcURL="jdbc:oracle:thin:KonySyncSample/kony123@10.10.4.233:1521:xe" IsJNDIDataSource="false" DriverName="oracle.jdbc.driver.OracleDriver"/>
        </DataSource>-->
    </DataSources>
</SyncConfiguration>

