<?xml version="1.0" encoding="UTF-8"?><SyncConfiguration AppID="SampleDB" Version="e8a2e5713a3ae16eeeb8d2645f01d8e88b5fa6447a5180ba198248ebd8870ff0" Name="SampleDB" UpdatedDateTime="04/09/2012 13:48:34" PersistentDBType="MSSQLSERVER">
  <SyncInterceptors>
    <NotificationInterceptors/>
    <ReplicaInterceptors/>
    <MergeInterceptors/>
    <DownloadInterceptors/>
    <UploadInterceptors/>   
  </SyncInterceptors>
  <SyncScopes>
    <SyncScope Name="PersistentSyncScope" Datasource="KonySyncSample" Strategy="PersistentSync">
      <ChangeTrackingPolicy>
        <Type>datasource</Type>
        <ChangeTrackingColumnsSupported>
          <LastUpdateTimeStamp>true</LastUpdateTimeStamp>
          <SoftDeleteFlag>true</SoftDeleteFlag>
        </ChangeTrackingColumnsSupported>
      </ChangeTrackingPolicy>
      <ConflictPolicy>
        <Type>serverwins</Type>
        <ProvisioningColumnsSupported>
          <UpdateUserID>true</UpdateUserID>
        </ProvisioningColumnsSupported>
      <!--    <ConflictInterceptor/>-->
      </ConflictPolicy>
      <SyncObject SourceName="Categories" GlobalName="Categories" SourceSchema="dbo">
        <SyncAttributes>
          <Key>
            <Attribute GlobalName="CategoryID"/>
          </Key>
          <SyncAttribute SourceName="CategoryID" GlobalName="CategoryID" Type="int" IsNullable="false" Autogenerated="true"/>
          <SyncAttribute SourceName="CategoryName" GlobalName="CategoryName" Type="string" IsNullable="false" Autogenerated="false"/>
          <SyncAttribute SourceName="Description" GlobalName="Description" Type="string" IsNullable="true" Autogenerated="false"/>
    <!--      <SyncAttribute SourceName="LastUpdateTime" GlobalName="LastUpdateTime" Type="timestamp" IsNullable="true" Autogenerated="false"/> -->
    <!--      <SyncAttribute SourceName="UpdateUserID" GlobalName="UpdateUserID" Type="string" IsNullable="true" Autogenerated="false"/> -->
    <!--      <SyncAttribute SourceName="SoftDeleteFlag" GlobalName="SoftDeleteFlag" Type="boolean" IsNullable="true" Autogenerated="false"/> -->
        </SyncAttributes> 
        <Relationships>
          <OneToMany TargetObject="Products" TargetObjectAttribute="CategoryID" SourceObjectAttribute="CategoryID" Cascade="false"/>
        </Relationships>
        <FilterParameters>
          <ClientFilterParameters>
            
          </ClientFilterParameters>
          <ServerFilterParameters>
           
          </ServerFilterParameters>
        </FilterParameters>
        <UpdateTimeStampAttribute GlobalName="LastUpdateTime"/>
        <UpdateUserIDAttribute GlobalName="UpdateUserID"/>
        <SoftDeleteFlagAttribute GlobalName="SoftDeleteFlag"/>
		
      <Operations/>
</SyncObject>
      <SyncObject SourceName="Customers" GlobalName="Customers" SourceSchema="dbo">
        <SyncAttributes>
          <Key>
            <Attribute GlobalName="CustomerID"/>
          </Key>
          <SyncAttribute SourceName="CustomerID" GlobalName="CustomerID" Type="string" IsNullable="false" Autogenerated="false"/>
          <SyncAttribute SourceName="CompanyName" GlobalName="CompanyName" Type="string" IsNullable="false" Autogenerated="false"/>
          <SyncAttribute SourceName="ContactName" GlobalName="ContactName" Type="string" IsNullable="true" Autogenerated="false"/>
          <SyncAttribute SourceName="Phone" GlobalName="Phone" Type="string" IsNullable="true" Autogenerated="false"/>
          <SyncAttribute SourceName="LastUpdateTime" GlobalName="LastUpdateTime" Type="timestamp" IsNullable="true" Autogenerated="false"/>
          <SyncAttribute SourceName="UpdateUserID" GlobalName="UpdateUserID" Type="string" IsNullable="true" Autogenerated="false"/>
          <SyncAttribute SourceName="SoftDeleteFlag" GlobalName="SoftDeleteFlag" Type="boolean" IsNullable="true" Autogenerated="false"/>
        </SyncAttributes>
        <Relationships>
          <OneToMany TargetObject="Orders" TargetObjectAttribute="CustomerID" SourceObjectAttribute="CustomerID" Cascade="true"/>
          <OneToMany TargetObject="CustomerCustomerDemo" TargetObjectAttribute="CustomerID" SourceObjectAttribute="CustomerID" Cascade="true"/>
        </Relationships>
        <FilterParameters>
          <ClientFilterParameters>
           
          </ClientFilterParameters>
          <ServerFilterParameters>
           
          </ServerFilterParameters>
        </FilterParameters>
        <UpdateTimeStampAttribute GlobalName="LastUpdateTime"/>
        <UpdateUserIDAttribute GlobalName="UpdateUserID"/>
        <SoftDeleteFlagAttribute GlobalName="SoftDeleteFlag"/>
      <Operations/>
</SyncObject>
      <SyncObject SourceName="Suppliers" GlobalName="Suppliers" SourceSchema="dbo">
        <SyncAttributes>
          <Key>
            <Attribute GlobalName="SupplierID"/>
          </Key>
          <SyncAttribute SourceName="SupplierID" GlobalName="SupplierID" Type="int" IsNullable="false" Autogenerated="true"/>
          <SyncAttribute SourceName="CompanyName" GlobalName="CompanyName" Type="string" IsNullable="true" Autogenerated="false"/>
          <SyncAttribute SourceName="ContactName" GlobalName="ContactName" Type="string" IsNullable="false" Autogenerated="false"/>
          <SyncAttribute SourceName="Region" GlobalName="Region" Type="string" IsNullable="true" Autogenerated="false"/>
          <SyncAttribute SourceName="Country" GlobalName="Country" Type="string" IsNullable="false" Autogenerated="false"/>
          <SyncAttribute SourceName="LastUpdateTime" GlobalName="LastUpdateTime" Type="timestamp" IsNullable="true" Autogenerated="false"/>
          <SyncAttribute SourceName="UpdateUserID" GlobalName="UpdateUserID" Type="string" IsNullable="true" Autogenerated="false"/>
          <SyncAttribute SourceName="SoftDeleteFlag" GlobalName="SoftDeleteFlag" Type="boolean" IsNullable="true" Autogenerated="false"/>
        </SyncAttributes>
        <Relationships>
          <OneToMany TargetObject="Products" TargetObjectAttribute="SupplierID" SourceObjectAttribute="SupplierID" Cascade="false"/>
        </Relationships>
        <FilterParameters>
          <ClientFilterParameters>
       
          </ClientFilterParameters>
          <ServerFilterParameters>
            
          </ServerFilterParameters>
        </FilterParameters>
        <UpdateTimeStampAttribute GlobalName="LastUpdateTime"/>
        <UpdateUserIDAttribute GlobalName="UpdateUserID"/>
        <SoftDeleteFlagAttribute GlobalName="SoftDeleteFlag"/>
      <Operations/>
</SyncObject>
      <SyncObject SourceName="Orders" GlobalName="Orders" SourceSchema="dbo">
        <SyncAttributes>
          <Key>
            <Attribute GlobalName="OrderID"/>
          </Key>
          <SyncAttribute SourceName="OrderID" GlobalName="OrderID" Type="int" IsNullable="false" Autogenerated="true"/>
          <SyncAttribute SourceName="CustomerID" GlobalName="CustomerID" Type="string" IsNullable="true" Autogenerated="false"/>
          <SyncAttribute SourceName="EmployeeID" GlobalName="EmployeeID" Type="int" IsNullable="true" Autogenerated="false"/>
          <SyncAttribute SourceName="OrderDate" GlobalName="OrderDate" Type="string" IsNullable="true" Autogenerated="false"/>
          <SyncAttribute SourceName="RequiredDate" GlobalName="RequiredDate" Type="string" IsNullable="true" Autogenerated="false"/>
          <SyncAttribute SourceName="ShippedDate" GlobalName="ShippedDate" Type="string" IsNullable="true" Autogenerated="false"/>
          <SyncAttribute SourceName="ShipVia" GlobalName="ShipVia" Type="int" IsNullable="true" Autogenerated="false"/>
          <SyncAttribute SourceName="Freight" GlobalName="Freight" Type="string" IsNullable="true" Autogenerated="false"/>
          <SyncAttribute SourceName="ShipName" GlobalName="ShipName" Type="string" IsNullable="true" Autogenerated="false"/>
          <SyncAttribute SourceName="ShipAddress" GlobalName="ShipAddress" Type="string" IsNullable="true" Autogenerated="false"/>
          <SyncAttribute SourceName="ShipCity" GlobalName="ShipCity" Type="string" IsNullable="true" Autogenerated="false"/>
          <SyncAttribute SourceName="ShipRegion" GlobalName="ShipRegion" Type="string" IsNullable="true" Autogenerated="false"/>
          <SyncAttribute SourceName="ShipPostalCode" GlobalName="ShipPostalCode" Type="string" IsNullable="true" Autogenerated="false"/>
          <SyncAttribute SourceName="ShipCountry" GlobalName="ShipCountry" Type="string" IsNullable="true" Autogenerated="false"/>
          <SyncAttribute SourceName="LastUpdateTime" GlobalName="LastUpdateTime" Type="timestamp" IsNullable="true" Autogenerated="false"/>
          <SyncAttribute SourceName="UpdateUserID" GlobalName="UpdateUserID" Type="string" IsNullable="true" Autogenerated="false"/>
          <SyncAttribute SourceName="SoftDeleteFlag" GlobalName="SoftDeleteFlag" Type="boolean" IsNullable="true" Autogenerated="false"/>
        </SyncAttributes>
        <Relationships>
          <OneToMany TargetObject="OrderDetails" TargetObjectAttribute="OrderID" SourceObjectAttribute="OrderID" Cascade="true"/>
         
        </Relationships>
        <FilterParameters>
          <ClientFilterParameters>
        
          </ClientFilterParameters>
          <ServerFilterParameters>
           		
          </ServerFilterParameters>
        </FilterParameters>
        <UpdateTimeStampAttribute GlobalName="LastUpdateTime"/>
        <UpdateUserIDAttribute GlobalName="UpdateUserID"/>
        <SoftDeleteFlagAttribute GlobalName="SoftDeleteFlag"/>
      <Operations/>
</SyncObject>
      <SyncObject SourceName="Products" GlobalName="Products" SourceSchema="dbo">
        <SyncAttributes>
          <Key>
            <Attribute GlobalName="ProductID"/>
          </Key>
          <SyncAttribute SourceName="ProductID" GlobalName="ProductID" Type="int" IsNullable="false" Autogenerated="true"/>
          <SyncAttribute SourceName="ProductName" GlobalName="ProductName" Type="string" IsNullable="false" Autogenerated="false"/>
          <SyncAttribute SourceName="SupplierID" GlobalName="SupplierID" Type="int" IsNullable="true" Autogenerated="false"/>
          <SyncAttribute SourceName="CategoryID" GlobalName="CategoryID" Type="int" IsNullable="true" Autogenerated="false"/>
		  <SyncAttribute SourceName="QuantityPerUnit" GlobalName="QuantityPerUnit" Type="string" IsNullable="true" Autogenerated="false"/>
          <SyncAttribute SourceName="UnitPrice" GlobalName="UnitPrice" Type="string" IsNullable="true" Autogenerated="false"/>
          <SyncAttribute SourceName="UnitsInStock" GlobalName="UnitsInStock" Type="short" IsNullable="true" Autogenerated="false"/>
          <SyncAttribute SourceName="UnitsOnOrder" GlobalName="UnitsOnOrder" Type="short" IsNullable="true" Autogenerated="false"/>
          <SyncAttribute SourceName="LastUpdateTime" GlobalName="LastUpdateTime" Type="timestamp" IsNullable="true" Autogenerated="false"/>
          <SyncAttribute SourceName="UpdateUserID" GlobalName="UpdateUserID" Type="string" IsNullable="true" Autogenerated="false"/>
          <SyncAttribute SourceName="SoftDeleteFlag" GlobalName="SoftDeleteFlag" Type="boolean" IsNullable="true" Autogenerated="false"/>
        </SyncAttributes>
        <Relationships>
          <OneToMany TargetObject="OrderDetails" TargetObjectAttribute="ProductID" SourceObjectAttribute="ProductID" Cascade="false"/>
          <!--<ManyToOne TargetObject="Suppliers" TargetObjectAttribute="SupplierID" SourceObjectAttribute="SupplierID" Cascade="false"/>-->
        </Relationships>
        <FilterParameters>
          <ClientFilterParameters>
           
          </ClientFilterParameters>
          <ServerFilterParameters>
            
          </ServerFilterParameters>
        </FilterParameters>
        <UpdateTimeStampAttribute GlobalName="LastUpdateTime"/>
        <UpdateUserIDAttribute GlobalName="UpdateUserID"/>
        <SoftDeleteFlagAttribute GlobalName="SoftDeleteFlag"/>
      <Operations/>
</SyncObject>
      <SyncObject SourceName="OrderDetails" GlobalName="OrderDetails" SourceSchema="dbo">
        <SyncAttributes>
          <Key>
            <Attribute GlobalName="OrderID"/>
            <Attribute GlobalName="ProductID"/>
          </Key>
          <SyncAttribute SourceName="OrderID" GlobalName="OrderID" Type="int" IsNullable="false" Autogenerated="false"/>
          <SyncAttribute SourceName="ProductID" GlobalName="ProductID" Type="int" IsNullable="false" Autogenerated="false"/>
          <SyncAttribute SourceName="UnitPrice" GlobalName="UnitPrice" Type="string" IsNullable="false" Autogenerated="false"/>
          <SyncAttribute SourceName="Quantity" GlobalName="Quantity" Type="short" IsNullable="false" Autogenerated="false"/>
          <SyncAttribute SourceName="Discount" GlobalName="Discount" Type="string" IsNullable="false" Autogenerated="false"/>
          <SyncAttribute SourceName="LastUpdateTime" GlobalName="LastUpdateTime" Type="timestamp" IsNullable="true" Autogenerated="false"/>
          <SyncAttribute SourceName="UpdateUserID" GlobalName="UpdateUserID" Type="string" IsNullable="true" Autogenerated="false"/>
          <SyncAttribute SourceName="SoftDeleteFlag" GlobalName="SoftDeleteFlag" Type="boolean" IsNullable="true" Autogenerated="false"/>
        </SyncAttributes>
        <Relationships>
          <!--<ManyToOne TargetObject="Products" TargetObjectAttribute="ProductID" SourceObjectAttribute="ProductID" Cascade="false"/>-->
        </Relationships>
        <FilterParameters>
          <ClientFilterParameters>
          
          </ClientFilterParameters>
          <ServerFilterParameters>
            
          </ServerFilterParameters>
        </FilterParameters>
        <UpdateTimeStampAttribute GlobalName="LastUpdateTime"/>
        <UpdateUserIDAttribute GlobalName="UpdateUserID"/>
        <SoftDeleteFlagAttribute GlobalName="SoftDeleteFlag"/>
      <Operations/>
</SyncObject>
      <SyncObject SourceName="CustomerDemographics" GlobalName="CustomerDemographics" SourceSchema="dbo">
        <SyncAttributes>
          <Key>
            <Attribute GlobalName="CustomerTypeID"/>
          </Key>
          <SyncAttribute SourceName="CustomerTypeID" GlobalName="CustomerTypeID" Type="string" IsNullable="false" Autogenerated="false"/>
          <SyncAttribute SourceName="CustomerDesc" GlobalName="CustomerDesc" Type="string" IsNullable="true" Autogenerated="false"/>
          <SyncAttribute SourceName="LastUpdateTime" GlobalName="LastUpdateTime" Type="timestamp" IsNullable="true" Autogenerated="false"/>
          <SyncAttribute SourceName="UpdateUserID" GlobalName="UpdateUserID" Type="string" IsNullable="true" Autogenerated="false"/>
          <SyncAttribute SourceName="SoftDeleteFlag" GlobalName="SoftDeleteFlag" Type="boolean" IsNullable="true" Autogenerated="false"/>
        </SyncAttributes>
        <Relationships>
          <OneToMany TargetObject="CustomerCustomerDemo" TargetObjectAttribute="CustomerTypeID" SourceObjectAttribute="CustomerTypeID" Cascade="true"/>
        </Relationships>
        <FilterParameters>
          <ClientFilterParameters>
            
          </ClientFilterParameters>
          <ServerFilterParameters>
            
          </ServerFilterParameters>
        </FilterParameters>
        <UpdateTimeStampAttribute GlobalName="LastUpdateTime"/>
        <UpdateUserIDAttribute GlobalName="UpdateUserID"/>
        <SoftDeleteFlagAttribute GlobalName="SoftDeleteFlag"/>
      <Operations/>
</SyncObject>
      <SyncObject SourceName="CustomerCustomerDemo" GlobalName="CustomerCustomerDemo" SourceSchema="dbo">
        <SyncAttributes>
          <Key>
            <Attribute GlobalName="CustomerID"/>
            <Attribute GlobalName="CustomerTypeID"/>
          </Key>
          <SyncAttribute SourceName="CustomerID" GlobalName="CustomerID" Type="string" IsNullable="false" Autogenerated="false"/>
          <SyncAttribute SourceName="CustomerTypeID" GlobalName="CustomerTypeID" Type="string" IsNullable="false" Autogenerated="false"/>
          <SyncAttribute SourceName="LastUpdateTime" GlobalName="LastUpdateTime" Type="timestamp" IsNullable="true" Autogenerated="false"/>
          <SyncAttribute SourceName="UpdateUserID" GlobalName="UpdateUserID" Type="string" IsNullable="true" Autogenerated="false"/>
          <SyncAttribute SourceName="SoftDeleteFlag" GlobalName="SoftDeleteFlag" Type="boolean" IsNullable="true" Autogenerated="false"/>
        </SyncAttributes>
        <Relationships>
          <OneToOne TargetObject="Customers" TargetObjectAttribute="CustomerID" SourceObjectAttribute="CustomerID" Cascade="true"/>
        </Relationships>
        <FilterParameters>
          <ClientFilterParameters>
            
          </ClientFilterParameters>
          <ServerFilterParameters>
           
          </ServerFilterParameters>
        </FilterParameters>
        <UpdateTimeStampAttribute GlobalName="LastUpdateTime"/>
        <UpdateUserIDAttribute GlobalName="UpdateUserID"/>
        <SoftDeleteFlagAttribute GlobalName="SoftDeleteFlag"/>
      <Operations/>
</SyncObject>
    </SyncScope>
    <SyncScope Name="OTASyncScope" Datasource="KonySyncSample" Strategy="OTASync">
      <ChangeTrackingPolicy>
        <Type>datasource</Type>
        <ChangeTrackingColumnsSupported>
          <LastUpdateTimeStamp>true</LastUpdateTimeStamp>
          <SoftDeleteFlag>true</SoftDeleteFlag>
        </ChangeTrackingColumnsSupported>
      </ChangeTrackingPolicy>
      <ConflictPolicy>
        <Type>serverwins</Type>
        <ProvisioningColumnsSupported>
          <UpdateUserID>true</UpdateUserID>
        </ProvisioningColumnsSupported>
      <!--    <ConflictInterceptor/>-->
      </ConflictPolicy>
	<SyncObject SourceName="Shippers" GlobalName="Shippers" SourceSchema="dbo">
        <SyncAttributes>
          <Key>
            <Attribute GlobalName="ShipperID"/>
          </Key>
          <SyncAttribute SourceName="ShipperID" GlobalName="ShipperID" Type="int" IsNullable="false" Autogenerated="true"/>
          <SyncAttribute SourceName="CompanyName" GlobalName="CompanyName" Type="string" IsNullable="true" Autogenerated="false"/>
          <SyncAttribute SourceName="Phone" GlobalName="Phone" Type="string" IsNullable="false" Autogenerated="false"/>
          <SyncAttribute SourceName="LastUpdateTime" GlobalName="LastUpdateTime" Type="timestamp" IsNullable="true" Autogenerated="false"/>
          <SyncAttribute SourceName="UpdateUserID" GlobalName="UpdateUserID" Type="string" IsNullable="true" Autogenerated="false"/>
          <SyncAttribute SourceName="SoftDeleteFlag" GlobalName="SoftDeleteFlag" Type="boolean" IsNullable="true" Autogenerated="false"/>
        </SyncAttributes>
        <Relationships>
         <!-- <OneToMany TargetObject="Orders" TargetObjectAttribute="ShipVia" SourceObjectAttribute="ShipperID" Cascade="false"/> -->
        </Relationships>
        <FilterParameters>
          <ClientFilterParameters>
            
          </ClientFilterParameters>
          <ServerFilterParameters>
            
          </ServerFilterParameters>
        </FilterParameters>
        <UpdateTimeStampAttribute GlobalName="LastUpdateTime"/>
        <UpdateUserIDAttribute GlobalName="UpdateUserID"/>
        <SoftDeleteFlagAttribute GlobalName="SoftDeleteFlag"/>
      <Operations/>
</SyncObject>
	      <SyncObject SourceName="Region" GlobalName="Region" SourceSchema="dbo">
        <SyncAttributes>
          <Key>
            <Attribute GlobalName="RegionID"/>
          </Key>
          <SyncAttribute SourceName="RegionID" GlobalName="RegionID" Type="int" IsNullable="false" Autogenerated="false"/>
          <SyncAttribute SourceName="RegionDescription" GlobalName="RegionDesc" Type="string" IsNullable="false" Autogenerated="false"/>
          <SyncAttribute SourceName="LastUpdateTime" GlobalName="LastUpdateTime" Type="timestamp" IsNullable="true" Autogenerated="false"/>
          <SyncAttribute SourceName="UpdateUserID" GlobalName="UpdateUserID" Type="string" IsNullable="true" Autogenerated="false"/>
          <SyncAttribute SourceName="SoftDeleteFlag" GlobalName="SoftDeleteFlag" Type="boolean" IsNullable="true" Autogenerated="false"/>
        </SyncAttributes>
        <Relationships>
          <OneToMany TargetObject="Territories" TargetObjectAttribute="RegionID" SourceObjectAttribute="RegionID" Cascade="true"/>
        </Relationships>
        <FilterParameters>
          <ClientFilterParameters>
            
          </ClientFilterParameters>
          <ServerFilterParameters>
            
          </ServerFilterParameters>
        </FilterParameters>
        <UpdateTimeStampAttribute GlobalName="LastUpdateTime"/>
        <UpdateUserIDAttribute GlobalName="UpdateUserID"/>
        <SoftDeleteFlagAttribute GlobalName="SoftDeleteFlag"/>
      <Operations/>
</SyncObject>
      <SyncObject SourceName="Territories" GlobalName="Territories" SourceSchema="dbo">
        <SyncAttributes>
          <Key>
            <Attribute GlobalName="TerritoryID"/>
          </Key>
          <SyncAttribute SourceName="TerritoryID" GlobalName="TerritoryID" Type="string" IsNullable="false" Autogenerated="false"/>
          <SyncAttribute SourceName="TerritoryDescription" GlobalName="TerritoryDesc" Type="string" IsNullable="false" Autogenerated="false"/>
          <SyncAttribute SourceName="RegionID" GlobalName="RegionID" Type="int" IsNullable="false" Autogenerated="false"/>
          <SyncAttribute SourceName="LastUpdateTime" GlobalName="LastUpdateTime" Type="timestamp" IsNullable="true" Autogenerated="false"/>
          <SyncAttribute SourceName="UpdateUserID" GlobalName="UpdateUserID" Type="string" IsNullable="true" Autogenerated="false"/>
          <SyncAttribute SourceName="SoftDeleteFlag" GlobalName="SoftDeleteFlag" Type="boolean" IsNullable="true" Autogenerated="false"/>
        </SyncAttributes>
        <Relationships>
          <OneToMany TargetObject="EmployeeTerritories" TargetObjectAttribute="TerritoryID" SourceObjectAttribute="TerritoryID" Cascade="false"/>
        </Relationships>
        <FilterParameters>
          <ClientFilterParameters>
            
          </ClientFilterParameters>
          <ServerFilterParameters>
            
          </ServerFilterParameters>
        </FilterParameters>
        <UpdateTimeStampAttribute GlobalName="LastUpdateTime"/>
        <UpdateUserIDAttribute GlobalName="UpdateUserID"/>
        <SoftDeleteFlagAttribute GlobalName="SoftDeleteFlag"/>
      <Operations/>
</SyncObject>
      <SyncObject SourceName="EmployeeTerritories" GlobalName="EmployeeTerritories" SourceSchema="dbo">
        <SyncAttributes>
          <Key>
            <Attribute GlobalName="EmployeeID"/>
            <Attribute GlobalName="TerritoryID"/>
          </Key>
          <SyncAttribute SourceName="EmployeeID" GlobalName="EmployeeID" Type="int" IsNullable="false" Autogenerated="false"/>
          <SyncAttribute SourceName="TerritoryID" GlobalName="TerritoryID" Type="string" IsNullable="false" Autogenerated="false"/>
          <SyncAttribute SourceName="LastUpdateTime" GlobalName="LastUpdateTime" Type="timestamp" IsNullable="true" Autogenerated="false"/>
          <SyncAttribute SourceName="UpdateUserID" GlobalName="UpdateUserID" Type="string" IsNullable="true" Autogenerated="false"/>
          <SyncAttribute SourceName="SoftDeleteFlag" GlobalName="SoftDeleteFlag" Type="boolean" IsNullable="true" Autogenerated="false"/>
        </SyncAttributes>
        <Relationships>
          <!--<ManyToOne TargetObject="Employees" TargetObjectAttribute="EmployeeID" SourceObjectAttribute="EmployeeID" Cascade="false"/>-->
        </Relationships>
        <FilterParameters>
          <ClientFilterParameters>
           
          </ClientFilterParameters>
          <ServerFilterParameters>
            
          </ServerFilterParameters>
        </FilterParameters>
        <UpdateTimeStampAttribute GlobalName="LastUpdateTime"/>
        <UpdateUserIDAttribute GlobalName="UpdateUserID"/>
        <SoftDeleteFlagAttribute GlobalName="SoftDeleteFlag"/>
      <Operations/>
</SyncObject>
      <SyncObject SourceName="Employees" GlobalName="Employees" SourceSchema="dbo">
        <SyncAttributes>
          <Key>
            <Attribute GlobalName="EmployeeID"/>
          </Key>
          <SyncAttribute SourceName="EmployeeID" GlobalName="EmployeeID" Type="int" IsNullable="false" Autogenerated="true"/>
          <SyncAttribute SourceName="LastName" GlobalName="LastName" Type="string" IsNullable="false" Autogenerated="false"/>
          <SyncAttribute SourceName="FirstName" GlobalName="FirstName" Type="string" IsNullable="false" Autogenerated="false"/>
		  <SyncAttribute SourceName="Title" GlobalName="Title" Type="string" IsNullable="true" Autogenerated="false"/>
		  <SyncAttribute SourceName="TitleOfCourtesy" GlobalName="TitleOfCourtesy" Type="string" IsNullable="true" Autogenerated="false"/>
		  <SyncAttribute SourceName="Address" GlobalName="Address" Type="string" IsNullable="true" Autogenerated="false"/>
		  <SyncAttribute SourceName="City" GlobalName="City" Type="string" IsNullable="true" Autogenerated="false"/>
		  <SyncAttribute SourceName="Country" GlobalName="Country" Type="string" IsNullable="true" Autogenerated="false"/>
          <SyncAttribute SourceName="Extension" GlobalName="Extension" Type="string" IsNullable="true" Autogenerated="false"/>
          <SyncAttribute SourceName="LastUpdateTime" GlobalName="LastUpdateTime" Type="timestamp" IsNullable="true" Autogenerated="false"/>
          <SyncAttribute SourceName="UpdateUserID" GlobalName="UpdateUserID" Type="string" IsNullable="true" Autogenerated="false"/>
          <SyncAttribute SourceName="SoftDeleteFlag" GlobalName="SoftDeleteFlag" Type="boolean" IsNullable="true" Autogenerated="false"/>
        </SyncAttributes>
        <Relationships>
         <!-- <OneToMany TargetObject="Orders" TargetObjectAttribute="EmployeeID" SourceObjectAttribute="EmployeeID" Cascade="true"/>-->
          <OneToMany TargetObject="EmployeeTerritories" TargetObjectAttribute="EmployeeID" SourceObjectAttribute="EmployeeID" Cascade="true"/>
        </Relationships>
        <FilterParameters>
          <ClientFilterParameters>
            
          </ClientFilterParameters>
          <ServerFilterParameters>
			
          </ServerFilterParameters>
        </FilterParameters>
        <UpdateTimeStampAttribute GlobalName="LastUpdateTime"/>
        <UpdateUserIDAttribute GlobalName="UpdateUserID"/>
        <SoftDeleteFlagAttribute GlobalName="SoftDeleteFlag"/>
      <Operations/>
</SyncObject>

	</SyncScope>
	</SyncScopes>
  <DataSources>
   <DataSource ID="KonySyncSample" Type="database" Class="com.kony.sync.services.datasource.jdbc.JDBCDatasource">
      <Database Name="KonySyncSampleConfig" Type="MSSQLSERVER" IsJNDIDataSource="false" JndiORJdbcURL="jdbc:sqlserver://localhost:1433;databaseName=KonySyncSample;user=sa;password=kony123!" DriverName="com.microsoft.sqlserver.jdbc.SQLServerDriver"/>
    </DataSource>
  </DataSources>
</SyncConfiguration>
